,Age,Weight (kg),Max_BPM,Avg_BPM,Resting_BPM,Session_Duration (hours),Fat_Percentage,Water_Intake (liters),Workout_Frequency (days/week),Experience_Level,BMI,Gender_Female,Workout_Type_Cardio,Workout_Type_Yoga,Calories_Burned
0,56,88.3,180,157,60,1.69,12.6,3.5,4,3,30.2,0.0,0.0,1.0,1313.0
1,46,74.9,179,151,66,1.3,33.9,2.1,4,2,32.0,1.0,0.0,0.0,883.0
2,32,68.1,167,122,54,1.11,33.4,2.3,4,2,24.71,1.0,1.0,0.0,677.0
3,25,53.2,190,164,56,0.59,28.8,2.1,3,1,18.41,0.0,0.0,0.0,532.0
4,38,46.1,188,158,68,0.64,29.2,2.8,3,1,14.39,0.0,0.0,0.0,556.0
5,56,58.0,168,156,74,1.59,15.5,2.7,5,3,20.55,1.0,0.0,0.0,1116.0
6,36,70.3,174,169,73,1.49,21.3,2.3,3,2,23.76,0.0,1.0,0.0,1385.0
7,40,69.7,189,141,64,1.27,30.6,1.9,3,2,30.57,1.0,1.0,0.0,895.0
8,28,121.7,185,127,52,1.03,28.9,2.6,4,2,32.34,0.0,0.0,0.0,719.0
9,28,101.8,169,136,64,1.08,29.7,2.7,3,1,30.07,0.0,1.0,0.0,808.0
10,41,120.8,188,146,54,0.82,20.5,3.0,2,1,43.31,0.0,0.0,0.0,593.0
11,53,51.7,175,152,72,1.15,23.6,3.5,3,2,17.89,0.0,0.0,0.0,865.0
12,57,112.5,195,165,61,1.24,22.1,2.7,3,2,43.4,0.0,1.0,0.0,1013.0
13,41,94.5,179,136,69,1.18,27.6,3.7,3,1,23.62,0.0,0.0,0.0,794.0
14,20,117.7,196,161,54,1.35,26.4,3.3,3,2,35.93,0.0,0.0,1.0,1195.0
15,39,42.5,181,131,52,1.13,26.2,2.1,2,1,13.88,1.0,0.0,0.0,740.0
16,19,64.0,166,167,58,1.33,29.8,2.3,3,2,27.34,1.0,0.0,0.0,1111.0
17,41,43.8,182,165,58,1.19,31.9,1.6,3,1,13.98,1.0,1.0,0.0,884.0
18,47,66.8,199,146,56,1.13,32.8,2.5,3,2,21.81,1.0,0.0,0.0,742.0
19,55,75.2,188,167,51,1.37,25.2,2.2,2,1,26.96,1.0,0.0,0.0,1030.0
20,19,89.0,175,127,72,1.5,28.9,3.7,4,2,28.41,0.0,0.0,0.0,1048.0
21,38,71.9,197,142,72,1.12,25.7,3.1,2,1,22.95,0.0,1.0,0.0,875.0
22,50,71.0,187,161,70,1.17,33.1,2.5,2,1,25.16,1.0,0.0,1.0,848.0
23,29,120.9,197,168,65,0.78,28.1,3.4,2,1,38.16,0.0,0.0,1.0,721.0
24,39,64.3,190,148,58,1.25,26.9,1.9,4,2,22.51,1.0,0.0,0.0,925.0
25,42,63.7,173,169,62,1.42,26.1,1.8,3,2,21.78,1.0,0.0,1.0,1080.0
26,44,65.2,192,139,68,0.73,27.2,2.7,2,1,20.12,0.0,0.0,0.0,502.0
27,59,53.9,168,135,69,1.48,21.6,2.8,4,2,17.6,0.0,0.0,0.0,989.0
28,45,84.9,186,136,66,1.64,14.2,3.5,5,3,24.54,0.0,0.0,0.0,1104.0
29,33,78.0,183,135,55,1.29,32.3,1.8,3,2,27.64,1.0,0.0,0.0,871.0
30,32,108.2,172,138,53,1.27,28.4,3.5,3,1,33.4,0.0,0.0,0.0,964.0
31,20,65.4,185,127,50,1.03,28.0,2.2,4,2,28.31,1.0,0.0,1.0,654.0
32,54,50.2,188,157,67,1.48,28.2,2.7,2,1,19.37,1.0,0.0,0.0,1046.0
33,24,58.9,187,157,68,1.04,31.7,2.5,2,1,25.83,1.0,1.0,0.0,816.0
34,38,81.4,187,148,58,1.52,10.2,3.5,5,3,27.84,0.0,0.0,0.0,1237.0
35,26,127.6,167,160,62,1.32,27.3,2.9,3,1,42.63,0.0,0.0,0.0,1162.0
36,56,59.3,182,155,57,1.26,33.4,2.6,4,2,24.37,1.0,1.0,0.0,879.0
37,35,96.9,188,145,72,1.34,24.2,2.9,3,2,33.14,0.0,0.0,0.0,1069.0
38,21,62.6,164,150,62,1.3,27.6,3.5,4,2,19.11,0.0,0.0,0.0,1072.0
39,42,45.5,166,163,64,1.31,21.7,2.6,3,2,17.77,0.0,0.0,0.0,1057.0
40,31,48.8,195,131,60,1.48,28.2,2.0,2,1,21.4,1.0,1.0,0.0,969.0
41,26,44.3,186,136,61,1.08,34.7,2.0,3,1,17.3,1.0,1.0,0.0,734.0
42,43,113.2,161,134,63,1.45,29.9,2.9,4,2,33.8,0.0,0.0,1.0,962.0
43,19,60.5,184,128,53,1.14,30.1,2.2,2,1,23.93,1.0,1.0,0.0,730.0
44,37,124.2,168,158,50,1.5,29.3,2.8,2,1,40.1,0.0,0.0,0.0,1304.0
45,45,52.4,186,161,73,1.2,25.2,2.5,3,1,15.31,0.0,0.0,0.0,956.0
46,24,54.7,160,167,53,0.84,22.9,3.6,3,1,18.07,0.0,0.0,1.0,772.0
47,25,88.1,182,131,68,1.41,22.7,3.0,2,1,23.17,0.0,1.0,0.0,1016.0
48,52,59.7,169,151,58,1.23,34.3,2.0,3,1,20.42,1.0,0.0,0.0,836.0
49,31,79.7,184,144,59,1.03,26.7,2.3,4,2,33.61,1.0,1.0,0.0,742.0
50,34,51.0,162,158,53,1.42,30.8,2.4,3,2,19.43,1.0,0.0,1.0,1122.0
51,53,84.2,165,137,69,1.67,12.8,3.5,5,3,27.18,0.0,1.0,0.0,1133.0
52,57,122.1,165,134,58,1.13,27.4,3.6,3,1,34.18,0.0,1.0,0.0,750.0
53,21,96.7,161,151,62,1.26,25.0,2.8,3,1,32.69,0.0,0.0,0.0,1046.0
54,19,73.0,177,125,61,0.81,27.7,1.6,3,1,22.78,1.0,0.0,0.0,506.0
55,23,114.8,182,163,60,1.47,21.7,2.7,4,2,44.84,0.0,1.0,0.0,1318.0
56,59,65.5,161,162,61,1.4,31.2,2.1,3,2,28.35,1.0,0.0,1.0,1021.0
57,21,50.3,171,154,67,1.08,32.2,2.6,3,1,21.77,1.0,1.0,0.0,832.0
58,46,61.0,181,153,61,1.67,17.8,2.7,4,3,20.86,1.0,1.0,0.0,1150.0
59,35,44.6,196,157,65,0.56,32.4,2.0,2,1,16.99,1.0,0.0,0.0,440.0
60,43,58.2,179,124,54,1.04,26.4,2.6,3,2,22.45,1.0,0.0,0.0,580.0
61,51,44.8,198,137,69,1.08,33.8,2.1,4,2,16.86,1.0,0.0,1.0,666.0
62,27,87.5,183,135,74,1.75,12.9,3.5,5,3,32.93,0.0,0.0,0.0,1299.0
63,53,51.8,179,127,61,1.23,21.3,3.7,3,2,17.11,0.0,0.0,0.0,773.0
64,31,64.4,160,144,70,1.97,17.3,2.7,5,3,22.28,1.0,0.0,0.0,1418.0
65,48,67.1,160,151,74,0.62,33.4,1.5,2,1,25.89,1.0,1.0,0.0,421.0
66,32,85.9,176,145,60,1.99,14.5,3.5,5,3,33.55,0.0,0.0,0.0,1587.0
67,25,65.4,160,141,58,0.89,27.6,2.6,3,1,20.88,1.0,1.0,0.0,627.0
68,31,61.1,189,150,67,1.81,18.6,2.7,4,3,19.72,1.0,0.0,1.0,1358.0
69,40,106.5,162,162,74,1.32,21.0,3.6,4,2,39.12,0.0,0.0,0.0,1176.0
70,57,64.0,170,129,52,1.73,15.2,2.7,5,3,27.7,1.0,0.0,0.0,1004.0
71,38,61.4,183,131,69,1.47,30.6,2.7,3,2,25.89,1.0,0.0,0.0,963.0
72,33,40.5,181,147,66,1.07,31.9,1.5,4,2,15.24,1.0,0.0,1.0,786.0
73,35,70.1,185,125,63,1.08,28.0,2.3,3,2,21.88,0.0,1.0,0.0,743.0
74,41,94.1,172,139,50,1.13,23.4,3.1,4,2,35.86,0.0,1.0,0.0,777.0
75,43,55.5,160,124,66,1.08,20.1,2.0,3,1,16.76,0.0,0.0,0.0,663.0
76,42,53.7,183,142,74,1.37,29.8,1.6,3,1,18.15,1.0,1.0,0.0,875.0
77,58,66.1,169,128,57,0.63,25.2,1.8,2,1,21.58,1.0,1.0,0.0,363.0
78,46,103.9,194,148,54,1.18,20.9,2.9,2,1,33.16,0.0,0.0,1.0,864.0
79,32,61.7,183,135,54,1.87,16.6,2.7,5,3,24.72,1.0,0.0,0.0,1262.0
80,18,52.3,187,165,58,1.2,29.4,2.2,2,1,17.27,1.0,1.0,0.0,990.0
81,42,59.5,195,141,52,1.78,16.4,2.7,5,3,19.65,1.0,0.0,1.0,1129.0
82,24,72.9,175,127,68,0.86,30.8,1.5,3,1,23.53,1.0,0.0,1.0,546.0
83,26,76.7,199,139,72,1.08,25.6,1.7,2,1,28.87,1.0,0.0,0.0,751.0
84,41,72.1,175,133,58,1.13,21.4,2.8,3,2,21.53,0.0,0.0,1.0,744.0
85,18,54.8,176,158,71,1.27,32.0,2.2,4,2,19.42,1.0,0.0,0.0,1003.0
86,25,105.0,174,156,67,1.34,21.4,2.3,3,2,29.71,0.0,1.0,0.0,1150.0
87,41,55.0,175,169,65,1.45,31.4,2.0,4,2,22.89,1.0,0.0,0.0,1103.0
88,28,81.6,174,153,50,1.09,20.5,3.5,4,2,29.61,0.0,0.0,1.0,917.0
89,34,75.6,193,130,51,0.64,29.1,2.7,2,1,29.53,1.0,0.0,0.0,416.0
90,25,81.5,170,159,63,1.93,10.9,3.5,4,3,31.44,0.0,0.0,0.0,1688.0
91,52,61.5,160,152,63,1.8,15.5,2.7,4,3,21.53,1.0,1.0,0.0,1231.0
92,52,74.0,174,150,50,1.26,25.7,3.7,3,2,27.85,0.0,1.0,0.0,936.0
93,50,56.4,185,163,74,1.26,34.3,2.6,3,1,22.31,1.0,0.0,0.0,924.0
94,22,102.6,163,153,65,1.25,20.5,2.7,3,2,30.3,0.0,0.0,0.0,1052.0
95,59,54.6,164,169,64,0.58,29.2,2.3,3,1,22.15,1.0,1.0,0.0,441.0
96,56,129.0,194,126,64,1.29,27.1,2.7,2,1,40.71,0.0,0.0,1.0,805.0
97,58,103.5,172,168,61,1.33,24.6,3.1,3,1,37.56,0.0,1.0,0.0,1106.0
98,45,59.4,169,142,65,1.15,33.1,1.9,4,2,26.05,1.0,0.0,0.0,735.0
99,24,60.1,170,165,63,1.97,15.9,2.7,4,3,18.76,1.0,1.0,0.0,1625.0
100,26,77.7,177,126,73,1.16,29.6,3.0,3,2,29.61,0.0,0.0,1.0,804.0
101,25,41.2,193,144,64,1.49,28.9,2.1,4,2,15.7,1.0,0.0,1.0,1073.0
102,29,58.6,198,122,72,1.2,23.4,2.0,3,2,22.61,0.0,0.0,1.0,805.0
103,51,109.3,182,157,64,0.54,28.7,3.3,3,1,34.5,0.0,0.0,0.0,420.0
104,50,69.6,166,139,68,0.97,25.6,2.0,3,1,18.12,0.0,0.0,0.0,667.0
105,40,56.2,198,153,57,1.79,17.6,2.7,5,3,17.54,1.0,0.0,1.0,1369.0
106,41,71.7,162,168,51,0.51,27.3,2.5,2,1,18.66,0.0,0.0,1.0,424.0
107,54,86.0,171,163,51,1.74,12.9,3.5,5,3,23.09,0.0,0.0,0.0,1404.0
108,52,79.4,166,163,59,1.39,26.6,1.5,3,2,31.41,1.0,0.0,0.0,1020.0
109,57,78.4,185,149,52,1.01,31.7,2.0,4,2,29.87,1.0,0.0,0.0,677.0
110,39,55.4,192,136,72,1.44,26.3,1.6,3,2,21.64,1.0,0.0,0.0,979.0
111,44,61.7,196,129,66,1.41,33.1,2.6,4,2,25.68,1.0,0.0,0.0,819.0
112,52,85.5,174,154,57,1.78,14.9,3.5,4,3,25.81,0.0,0.0,1.0,1357.0
113,18,87.6,161,139,72,1.72,11.9,3.5,4,3,23.52,0.0,0.0,0.0,1315.0
114,52,82.4,166,137,53,1.01,24.4,2.7,4,2,27.85,0.0,0.0,0.0,685.0
115,54,67.0,191,164,63,0.55,20.5,2.8,3,1,23.74,0.0,0.0,1.0,446.0
116,31,42.3,163,163,70,1.09,25.1,1.9,3,2,16.52,1.0,1.0,0.0,888.0
117,20,82.7,179,146,59,1.69,14.6,3.5,5,3,20.88,0.0,0.0,0.0,1357.0
118,18,92.4,195,168,50,1.41,21.3,3.1,2,1,30.52,0.0,0.0,1.0,1303.0
119,22,63.2,191,155,53,1.02,29.5,2.4,4,2,26.65,1.0,1.0,0.0,790.0
120,43,82.7,187,142,50,1.22,28.2,3.1,4,2,24.16,0.0,0.0,1.0,858.0
121,31,86.6,172,151,66,1.29,28.9,3.3,3,2,27.96,0.0,0.0,0.0,1071.0
122,56,129.5,160,129,66,1.0,25.2,3.5,2,1,34.06,0.0,0.0,0.0,639.0
123,44,98.0,194,130,56,1.28,25.7,3.5,4,2,29.26,0.0,1.0,0.0,824.0
124,26,86.2,189,157,72,1.97,13.3,3.5,5,3,30.54,0.0,0.0,0.0,1701.0
125,32,78.6,195,125,69,1.28,29.6,3.1,3,1,29.95,0.0,0.0,1.0,880.0
126,32,59.0,184,160,64,0.51,31.0,1.8,2,1,21.41,1.0,1.0,0.0,408.0
127,43,57.3,175,166,62,1.98,17.8,2.7,4,3,17.88,1.0,0.0,1.0,1479.0
128,59,122.3,178,153,51,0.66,20.1,3.1,3,1,34.24,0.0,0.0,1.0,500.0
129,30,85.3,160,155,68,1.61,10.4,3.5,5,3,22.43,0.0,0.0,1.0,1373.0
130,49,45.2,164,156,73,1.24,30.8,2.1,3,2,14.93,1.0,0.0,0.0,870.0
131,56,55.6,181,136,62,0.68,29.4,3.2,3,1,15.08,0.0,0.0,0.0,458.0
132,49,82.8,183,159,73,1.91,14.3,3.5,5,3,21.78,0.0,0.0,1.0,1503.0
133,21,125.2,196,159,60,1.38,29.8,3.4,3,2,45.43,0.0,0.0,0.0,1207.0
134,47,58.5,195,131,71,1.42,30.3,2.4,4,2,18.26,1.0,0.0,1.0,837.0
135,54,86.1,195,140,64,1.17,27.9,3.4,2,1,22.64,0.0,0.0,1.0,811.0
136,40,63.5,163,159,59,1.31,33.4,1.6,3,2,24.5,1.0,1.0,0.0,1041.0
137,56,69.3,195,138,58,0.66,26.5,2.1,2,1,24.55,0.0,0.0,1.0,451.0
138,32,70.5,177,122,58,1.24,28.4,1.8,2,1,26.86,1.0,0.0,0.0,756.0
139,46,60.1,175,137,69,1.69,17.3,2.7,4,3,22.08,1.0,1.0,0.0,1042.0
140,53,94.1,177,138,50,0.89,28.6,3.5,3,1,24.75,0.0,0.0,0.0,608.0
141,30,79.2,181,166,66,1.26,28.0,2.5,4,2,30.18,1.0,1.0,0.0,1046.0
142,49,115.3,161,125,61,1.38,29.2,3.2,2,1,31.61,0.0,0.0,0.0,854.0
143,24,62.9,180,135,59,1.42,27.3,2.3,4,2,19.63,1.0,1.0,0.0,958.0
144,39,62.0,195,127,54,0.97,27.5,3.2,3,1,23.05,0.0,1.0,0.0,678.0
145,45,88.5,198,167,67,1.53,13.2,3.5,4,3,27.93,0.0,0.0,0.0,1265.0
146,19,73.9,198,137,64,1.28,32.5,2.6,3,2,23.59,1.0,0.0,0.0,877.0
147,59,50.3,188,167,55,1.07,24.4,3.4,3,1,13.23,0.0,0.0,0.0,885.0
148,23,83.1,185,162,56,0.7,29.3,3.1,3,1,25.65,0.0,0.0,0.0,624.0
149,45,65.1,180,158,66,1.46,31.3,2.3,3,1,20.55,1.0,1.0,0.0,1038.0
150,45,46.6,176,168,55,1.46,22.9,2.4,3,2,14.54,0.0,0.0,1.0,1214.0
151,37,103.5,175,168,57,0.54,26.4,3.1,2,1,28.97,0.0,1.0,0.0,499.0
152,47,61.9,190,131,61,1.95,16.4,2.7,4,3,26.1,1.0,0.0,1.0,1150.0
153,28,52.0,168,164,70,1.32,27.9,2.0,3,2,20.06,1.0,0.0,1.0,1082.0
154,45,113.4,190,129,63,0.83,24.0,2.3,2,1,38.78,0.0,0.0,0.0,530.0
155,42,62.9,173,126,61,1.42,28.5,3.4,4,2,16.04,0.0,0.0,1.0,886.0
156,56,40.4,196,165,72,1.23,30.0,2.1,4,2,12.47,1.0,1.0,0.0,913.0
157,50,67.1,161,120,59,0.67,31.8,2.7,3,1,21.91,1.0,1.0,0.0,362.0
158,18,70.0,173,168,71,1.3,23.9,2.5,2,1,27.01,0.0,0.0,0.0,1201.0
159,44,69.5,192,155,69,1.02,27.6,2.1,3,1,22.69,1.0,0.0,0.0,711.0
160,30,107.9,194,140,64,1.08,29.5,2.8,3,2,39.16,0.0,1.0,0.0,832.0
161,58,109.0,198,156,56,1.49,26.0,2.2,3,2,29.88,0.0,0.0,1.0,1151.0
162,20,101.0,179,143,58,1.36,29.3,2.7,3,2,27.69,0.0,1.0,0.0,1070.0
163,56,88.5,161,144,59,1.57,11.0,3.5,4,3,25.86,0.0,1.0,0.0,1119.0
164,23,80.9,178,126,59,1.55,10.7,3.5,4,3,24.97,0.0,1.0,0.0,1074.0
165,25,43.1,196,161,65,1.04,33.6,1.8,4,2,16.42,1.0,0.0,0.0,837.0
166,44,59.1,177,136,56,1.58,18.4,2.7,5,3,25.58,1.0,0.0,1.0,967.0
167,26,54.0,175,148,54,1.14,26.9,1.7,3,1,23.07,1.0,0.0,0.0,844.0
168,54,72.3,163,149,72,1.27,27.7,1.8,2,1,22.82,1.0,1.0,0.0,852.0
169,50,51.1,171,126,52,0.92,28.0,2.4,2,1,13.03,0.0,0.0,1.0,574.0
170,59,89.4,188,152,67,1.08,24.5,3.2,3,1,30.22,0.0,0.0,1.0,813.0
171,41,51.5,166,126,60,1.09,26.7,2.1,4,2,15.9,0.0,0.0,0.0,680.0
172,32,87.9,173,143,64,1.52,11.6,3.5,5,3,24.87,0.0,1.0,0.0,1195.0
173,49,42.0,171,130,70,1.1,28.8,2.2,3,1,18.18,1.0,0.0,0.0,644.0
174,49,79.2,194,128,69,1.46,29.9,3.3,3,1,26.77,0.0,0.0,1.0,925.0
175,41,64.8,164,131,54,1.2,22.5,2.8,3,2,22.16,0.0,0.0,0.0,778.0
176,58,63.0,176,154,73,1.58,17.5,2.7,4,3,19.88,1.0,0.0,0.0,1095.0
177,29,56.2,191,123,61,0.68,33.4,2.6,3,1,17.94,1.0,0.0,1.0,418.0
178,56,52.9,169,155,53,1.1,27.4,2.3,3,2,19.67,1.0,1.0,0.0,767.0
179,19,49.0,176,147,64,1.05,29.2,2.4,3,1,17.16,1.0,0.0,1.0,772.0
180,20,128.2,164,132,58,0.83,26.2,2.3,3,1,37.87,0.0,0.0,0.0,603.0
181,54,83.6,168,142,56,1.54,12.4,3.5,5,3,24.16,0.0,0.0,0.0,1082.0
182,34,56.2,192,138,59,1.81,17.3,2.7,5,3,17.94,1.0,1.0,0.0,1249.0
183,19,87.8,195,161,72,1.28,23.6,3.3,2,1,27.71,0.0,1.0,0.0,1133.0
184,19,85.9,195,156,62,1.66,12.9,3.5,4,3,25.1,0.0,0.0,0.0,1424.0
185,45,51.1,177,158,57,1.44,26.2,3.4,4,2,14.61,0.0,1.0,0.0,1126.0
186,40,57.4,168,143,61,1.87,18.3,2.7,5,3,19.63,1.0,0.0,0.0,1337.0
187,54,114.9,188,135,71,1.2,20.7,2.6,4,2,31.17,0.0,0.0,0.0,802.0
188,49,62.1,173,152,73,1.37,31.3,1.8,3,2,22.54,1.0,0.0,0.0,937.0
189,50,57.1,184,131,68,1.09,29.5,2.7,4,2,15.65,0.0,0.0,1.0,707.0
190,18,68.1,174,153,50,1.1,25.4,3.3,4,2,21.02,0.0,0.0,1.0,926.0
191,36,69.2,165,126,65,1.23,27.2,2.7,3,1,25.42,0.0,0.0,0.0,852.0
192,19,65.2,188,130,71,1.23,30.6,2.4,3,1,28.22,1.0,1.0,0.0,800.0
193,43,108.6,174,150,66,1.33,28.5,2.2,2,1,36.29,0.0,1.0,0.0,988.0
194,49,40.0,188,148,74,1.03,34.3,2.5,3,2,14.69,1.0,0.0,1.0,686.0
195,23,41.9,163,132,67,0.56,26.8,1.8,3,1,16.78,1.0,0.0,0.0,370.0
196,49,68.3,177,150,60,1.45,29.4,1.8,4,2,29.56,1.0,0.0,0.0,979.0
197,21,88.4,198,121,67,1.71,12.0,3.5,4,3,34.53,0.0,0.0,0.0,1138.0
198,28,66.0,175,158,56,1.18,24.1,3.0,3,1,18.28,0.0,0.0,0.0,1025.0
199,34,71.9,170,134,67,1.26,21.3,2.1,4,2,26.73,0.0,1.0,0.0,929.0
200,55,75.6,173,130,57,1.03,28.1,2.0,4,2,25.85,0.0,0.0,0.0,663.0
201,41,63.4,162,153,55,1.84,15.2,2.7,5,3,25.08,1.0,0.0,0.0,1267.0
202,22,71.6,197,158,56,1.49,30.3,1.8,3,1,22.85,1.0,0.0,1.0,1177.0
203,51,57.4,177,123,72,1.08,31.6,2.1,4,2,18.32,1.0,0.0,1.0,598.0
204,23,83.8,179,130,71,1.79,11.0,3.5,4,3,21.16,0.0,1.0,0.0,1280.0
205,39,55.9,184,148,59,1.95,19.5,2.7,5,3,19.12,1.0,0.0,1.0,1443.0
206,28,87.0,197,121,60,1.2,28.4,3.5,3,2,28.09,0.0,0.0,1.0,799.0
207,33,65.3,172,135,74,1.18,29.7,2.5,4,2,22.33,1.0,0.0,0.0,796.0
208,50,45.4,163,158,62,1.37,24.1,2.8,4,2,16.28,0.0,0.0,1.0,1071.0
209,26,87.1,173,132,58,1.71,11.2,3.5,4,3,24.91,0.0,0.0,1.0,1241.0
210,23,78.6,192,156,56,1.47,32.3,1.5,4,2,26.26,1.0,0.0,0.0,1147.0
211,33,78.0,187,136,58,1.08,26.3,2.1,3,1,26.67,1.0,1.0,0.0,734.0
212,46,58.0,196,140,62,1.83,18.4,2.7,4,3,24.78,1.0,1.0,0.0,1153.0
213,20,71.3,167,163,52,1.28,33.4,2.3,3,2,24.96,1.0,0.0,0.0,1043.0
214,37,49.1,193,138,52,1.11,22.3,2.6,3,2,16.22,0.0,0.0,1.0,842.0
215,53,78.3,164,126,50,1.24,33.7,1.6,3,1,28.76,1.0,0.0,0.0,703.0
216,36,57.3,164,157,70,1.13,25.3,1.8,4,2,21.3,1.0,0.0,0.0,887.0
217,43,48.4,190,127,69,1.28,34.1,2.4,2,1,18.67,1.0,1.0,0.0,732.0
218,20,76.4,168,132,51,1.35,21.2,2.6,4,2,29.11,0.0,1.0,0.0,980.0
219,36,110.2,191,156,74,1.19,26.5,3.4,2,1,35.18,0.0,0.0,0.0,1021.0
220,37,72.9,192,121,52,1.21,27.5,1.9,3,2,23.53,1.0,0.0,0.0,732.0
221,49,82.1,162,160,64,1.87,14.2,3.5,4,3,23.73,0.0,0.0,0.0,1481.0
222,24,58.9,189,130,73,0.63,30.1,1.7,3,1,19.01,1.0,0.0,0.0,410.0
223,58,82.2,171,143,55,1.57,10.7,3.5,4,3,23.51,0.0,0.0,0.0,1111.0
224,50,96.7,188,125,62,1.46,25.7,2.7,3,2,32.69,0.0,0.0,0.0,903.0
225,57,81.4,162,145,70,1.8,12.0,3.5,5,3,23.53,0.0,1.0,0.0,1292.0
226,56,107.8,185,126,50,1.09,26.6,2.8,3,2,36.02,0.0,0.0,1.0,680.0
227,35,65.8,189,158,69,1.0,33.8,1.5,4,2,25.07,1.0,1.0,0.0,790.0
228,57,68.5,168,138,68,1.45,29.1,1.6,4,2,28.15,1.0,0.0,0.0,900.0
229,18,63.9,185,125,50,1.87,16.4,2.7,4,3,25.28,1.0,0.0,0.0,1169.0
230,28,76.3,161,162,70,1.16,20.1,2.3,3,2,29.07,0.0,0.0,0.0,1034.0
231,45,44.5,162,148,71,1.44,30.7,1.6,3,1,16.35,1.0,0.0,1.0,959.0
232,42,50.7,163,162,51,1.29,29.0,1.9,3,2,16.56,1.0,0.0,0.0,940.0
233,40,55.1,184,158,64,1.55,16.9,2.7,4,3,21.26,1.0,0.0,1.0,1224.0
234,48,73.7,172,121,63,1.36,21.8,3.6,4,2,28.43,0.0,1.0,0.0,815.0
235,47,55.6,198,138,68,1.2,24.3,2.9,4,2,17.75,0.0,1.0,0.0,820.0
236,59,86.9,194,123,60,1.13,29.8,3.1,3,2,28.05,0.0,0.0,0.0,688.0
237,52,60.3,182,125,64,1.6,16.5,2.7,4,3,21.36,1.0,0.0,0.0,900.0
238,24,40.4,168,168,55,0.99,31.0,1.9,2,1,15.02,1.0,0.0,0.0,832.0
239,33,78.5,161,156,69,1.29,32.8,1.9,4,2,28.49,1.0,0.0,0.0,1006.0
240,43,102.6,190,147,58,0.82,27.5,2.0,2,1,34.68,0.0,0.0,0.0,597.0
241,19,110.8,161,149,54,1.31,23.3,2.9,2,1,30.37,0.0,0.0,0.0,1074.0
242,18,60.9,191,126,69,1.11,31.1,2.1,2,1,19.01,1.0,1.0,0.0,699.0
243,29,55.7,177,128,51,1.41,28.7,2.3,3,1,21.49,0.0,0.0,0.0,993.0
244,22,110.5,172,144,55,1.16,20.2,3.3,3,2,29.98,0.0,0.0,0.0,919.0
245,54,55.2,164,152,67,0.77,24.4,2.8,2,1,18.88,0.0,1.0,0.0,579.0
246,49,46.5,169,120,72,1.4,22.2,2.6,4,2,15.72,0.0,0.0,1.0,832.0
247,26,70.9,184,125,68,0.81,28.9,1.7,3,1,25.73,1.0,0.0,0.0,506.0
248,58,74.6,193,137,58,1.09,24.2,2.9,2,1,24.36,0.0,0.0,0.0,739.0
249,52,45.1,196,129,70,0.93,27.5,3.3,2,1,15.24,0.0,1.0,0.0,594.0
250,36,99.9,189,147,73,1.33,20.9,2.5,3,1,25.23,0.0,0.0,1.0,1075.0
251,33,117.0,166,130,55,1.04,25.1,2.4,3,2,45.14,0.0,0.0,0.0,744.0
252,20,75.9,165,152,63,1.39,30.6,2.1,4,2,25.36,1.0,0.0,0.0,1056.0
253,37,71.2,162,120,73,1.11,29.9,1.7,3,2,26.47,1.0,0.0,0.0,666.0
254,41,78.8,172,132,62,1.01,27.3,3.1,4,2,26.64,0.0,1.0,0.0,660.0
255,50,50.6,162,156,60,1.31,23.8,3.0,2,1,17.72,0.0,1.0,0.0,1012.0
256,41,82.5,185,139,61,1.69,14.7,3.5,4,3,25.75,0.0,1.0,0.0,1163.0
257,28,108.5,183,120,68,1.33,24.8,2.1,4,2,33.86,0.0,0.0,0.0,878.0
258,25,49.9,165,122,68,1.15,25.7,2.1,3,2,12.73,0.0,0.0,1.0,772.0
259,53,125.1,171,137,70,0.52,28.3,3.1,2,1,34.29,0.0,0.0,0.0,353.0
260,55,79.7,195,160,68,1.06,27.8,1.9,2,1,28.92,1.0,1.0,0.0,763.0
261,57,126.8,161,133,73,0.96,20.8,2.1,2,1,47.72,0.0,0.0,1.0,632.0
262,37,54.6,170,150,62,1.31,32.1,2.4,3,1,22.15,1.0,0.0,0.0,982.0
263,52,47.8,198,146,63,1.34,29.8,1.9,3,2,20.16,1.0,1.0,0.0,880.0
264,42,97.9,193,136,73,1.01,29.0,2.8,3,2,26.84,0.0,0.0,0.0,680.0
265,52,63.1,185,165,67,1.36,34.8,1.8,3,2,26.61,1.0,0.0,0.0,1010.0
266,42,72.4,177,148,61,1.07,29.0,2.3,3,2,25.35,1.0,0.0,1.0,713.0
267,46,58.9,180,155,53,1.52,17.1,2.7,4,3,20.38,1.0,0.0,0.0,1060.0
268,35,50.4,195,156,59,1.03,29.1,1.9,4,2,19.69,1.0,1.0,0.0,803.0
269,35,64.2,199,145,66,1.63,16.6,2.7,5,3,25.39,1.0,0.0,1.0,1182.0
270,19,58.8,181,136,53,1.4,32.8,2.7,2,1,18.77,1.0,0.0,0.0,952.0
271,52,105.2,189,141,61,1.36,27.6,3.2,3,1,40.09,0.0,0.0,0.0,949.0
272,33,45.9,189,144,62,0.92,29.8,1.7,3,1,20.4,1.0,0.0,1.0,662.0
273,58,65.2,167,121,53,1.12,25.4,2.0,3,2,24.54,1.0,0.0,0.0,610.0
274,53,56.3,193,141,59,1.52,16.5,2.7,5,3,17.57,1.0,0.0,0.0,964.0
275,50,90.0,168,124,74,0.81,22.9,2.7,2,1,31.14,0.0,1.0,0.0,497.0
276,21,60.0,179,123,52,1.97,19.1,2.7,5,3,20.76,1.0,0.0,0.0,1212.0
277,50,51.5,199,155,64,1.48,20.9,2.9,2,1,17.61,0.0,0.0,1.0,1136.0
278,31,63.1,184,125,51,1.54,19.0,2.7,4,3,23.46,1.0,1.0,0.0,962.0
279,38,91.5,178,140,74,0.8,26.7,3.4,2,1,29.21,0.0,0.0,1.0,616.0
280,37,48.7,164,132,74,1.39,27.3,3.0,2,1,17.46,0.0,0.0,1.0,1009.0
281,25,57.8,170,156,66,1.35,29.3,1.6,3,2,23.75,1.0,0.0,1.0,1053.0
282,24,42.0,174,144,55,0.83,31.8,2.3,3,1,13.71,1.0,0.0,0.0,598.0
283,20,128.4,167,145,57,0.63,26.1,2.0,2,1,34.83,0.0,1.0,0.0,502.0
284,34,74.2,178,158,52,1.47,32.7,2.4,3,1,30.1,1.0,1.0,0.0,1161.0
285,50,89.6,182,139,74,1.79,12.2,3.5,5,3,31.75,0.0,1.0,0.0,1232.0
286,29,125.9,186,152,67,1.36,24.7,3.1,4,2,31.48,0.0,0.0,0.0,1137.0
287,39,105.5,199,133,71,0.81,26.4,2.5,2,1,26.64,0.0,0.0,0.0,593.0
288,39,93.4,191,155,50,1.1,21.1,2.5,4,2,32.32,0.0,0.0,0.0,938.0
289,47,82.1,185,136,65,1.37,24.4,3.4,4,2,24.25,0.0,0.0,0.0,922.0
290,55,42.9,186,140,56,0.9,34.7,2.4,2,1,15.02,1.0,0.0,1.0,567.0
291,55,128.4,178,165,52,1.13,20.4,2.6,4,2,45.49,0.0,1.0,0.0,923.0
292,25,112.4,188,135,72,1.42,23.2,2.5,2,1,29.26,0.0,1.0,0.0,1054.0
293,44,77.7,198,165,53,1.41,28.1,2.2,3,1,24.25,1.0,0.0,0.0,1047.0
294,44,89.3,192,135,58,1.4,26.3,2.0,4,2,22.55,0.0,0.0,0.0,936.0
295,51,70.3,178,139,54,1.4,26.1,1.6,3,1,29.26,1.0,0.0,1.0,876.0
296,38,59.1,196,148,68,1.07,31.3,1.7,3,2,19.98,1.0,1.0,0.0,792.0
297,47,49.9,178,147,64,1.48,26.0,1.7,3,2,17.47,1.0,0.0,0.0,979.0
298,50,101.7,192,127,57,0.53,20.9,2.9,2,1,36.47,0.0,0.0,0.0,333.0
299,45,93.0,175,143,55,1.03,27.3,3.7,3,2,25.49,0.0,1.0,0.0,729.0
300,50,87.4,182,122,67,0.77,23.2,3.1,2,1,34.14,0.0,0.0,0.0,465.0
301,22,55.1,166,144,68,1.62,19.9,2.7,4,3,21.26,1.0,0.0,0.0,1166.0
302,36,123.7,185,138,73,1.3,20.4,2.1,4,2,43.31,0.0,1.0,0.0,987.0
303,21,61.3,191,152,64,1.94,17.2,2.7,4,3,24.87,1.0,0.0,0.0,1474.0
304,52,72.3,171,121,56,1.46,21.1,2.9,3,2,19.21,0.0,0.0,1.0,874.0
305,34,69.2,167,134,59,1.36,28.5,2.1,2,1,29.56,1.0,0.0,0.0,911.0
306,45,81.4,164,141,55,1.14,30.0,2.2,4,2,31.4,0.0,1.0,0.0,796.0
307,47,84.8,187,129,63,1.85,14.4,3.5,5,3,24.51,0.0,0.0,0.0,1181.0
308,46,55.1,164,137,66,1.43,20.5,3.6,3,2,18.62,0.0,0.0,1.0,970.0
309,23,59.0,185,141,58,1.67,17.8,2.7,5,3,18.62,1.0,0.0,1.0,1177.0
310,52,64.9,164,165,68,1.83,18.2,2.7,4,3,28.46,1.0,0.0,0.0,1359.0
311,58,109.7,181,168,54,1.01,22.1,2.7,2,1,35.82,0.0,0.0,0.0,840.0
312,54,78.4,174,146,72,0.81,21.5,3.7,2,1,21.72,0.0,0.0,1.0,585.0
313,41,76.7,172,132,56,1.4,34.0,2.0,4,2,23.94,1.0,0.0,1.0,832.0
314,46,63.1,187,152,68,1.0,34.7,2.2,4,2,24.34,1.0,0.0,0.0,684.0
315,48,62.9,192,124,69,1.98,20.0,2.7,4,3,25.2,1.0,0.0,0.0,1105.0
316,52,85.6,182,145,56,1.84,13.9,3.5,4,3,28.27,0.0,0.0,1.0,1321.0
317,50,66.3,192,132,73,1.25,31.6,1.6,2,1,26.9,1.0,0.0,0.0,742.0
318,38,61.3,177,146,51,1.37,23.5,2.8,3,1,15.8,0.0,1.0,0.0,1100.0
319,49,44.1,189,133,74,1.16,26.7,1.8,4,2,16.2,1.0,0.0,0.0,694.0
320,40,63.8,185,143,72,1.3,20.8,3.4,2,1,24.31,0.0,0.0,0.0,1022.0
321,50,55.4,175,122,65,1.85,18.5,2.7,4,3,23.06,1.0,0.0,0.0,1016.0
322,20,74.7,172,166,62,1.04,32.8,2.4,3,2,29.92,1.0,0.0,0.0,863.0
323,35,78.0,198,168,57,1.13,33.3,2.5,4,2,27.97,1.0,0.0,0.0,949.0
324,42,57.5,192,149,55,1.14,34.1,2.4,2,1,20.62,1.0,0.0,1.0,764.0
325,59,60.7,185,154,55,1.03,33.8,2.5,3,2,20.28,1.0,0.0,1.0,714.0
326,48,69.0,160,167,58,1.48,30.0,2.3,3,2,22.79,0.0,0.0,0.0,1223.0
327,20,75.8,197,133,53,1.42,27.4,2.0,4,2,23.92,1.0,0.0,0.0,944.0
328,57,75.7,161,131,60,0.69,32.6,2.3,3,1,28.49,1.0,1.0,0.0,407.0
329,41,71.2,165,147,54,1.42,30.9,2.3,3,2,26.47,1.0,0.0,0.0,939.0
330,49,85.0,197,163,74,1.82,11.3,3.5,4,3,30.12,0.0,0.0,0.0,1468.0
331,39,63.6,183,148,66,1.22,34.8,2.4,2,1,26.13,1.0,0.0,0.0,903.0
332,40,73.2,177,162,69,0.81,29.0,2.4,2,1,19.45,0.0,0.0,0.0,722.0
333,19,48.3,186,136,56,0.96,26.3,1.6,2,1,20.91,1.0,0.0,0.0,653.0
334,44,42.8,167,159,64,1.49,25.3,2.6,3,2,13.51,1.0,0.0,0.0,1066.0
335,59,88.1,187,168,74,1.35,26.9,3.0,3,2,28.44,0.0,0.0,0.0,1123.0
336,19,72.4,169,140,64,1.2,31.0,1.7,4,2,23.64,1.0,1.0,0.0,840.0
337,43,73.2,176,142,63,1.17,29.4,3.3,3,1,20.71,0.0,1.0,0.0,822.0
338,34,110.5,188,139,62,1.42,22.3,3.6,2,1,31.94,0.0,1.0,0.0,1086.0
339,57,46.1,165,130,60,1.44,25.8,1.7,3,2,14.88,1.0,0.0,0.0,842.0
340,50,90.8,173,153,62,1.07,22.6,3.4,4,2,31.05,0.0,0.0,1.0,810.0
341,26,59.3,181,129,71,1.7,15.1,2.7,5,3,26.01,1.0,0.0,0.0,1096.0
342,56,45.1,165,129,73,0.83,25.4,2.6,3,1,15.07,1.0,0.0,0.0,482.0
343,46,45.0,185,162,58,1.48,29.1,3.6,3,2,14.36,0.0,1.0,0.0,1187.0
344,59,89.4,198,125,59,1.43,23.5,3.6,3,2,34.06,0.0,0.0,0.0,885.0
345,43,127.7,171,155,53,1.14,24.1,2.9,3,2,44.71,0.0,1.0,0.0,875.0
346,52,70.9,194,143,66,1.31,20.2,2.6,3,2,23.97,0.0,0.0,0.0,927.0
347,42,49.2,173,131,63,1.15,27.7,1.5,3,2,21.87,1.0,0.0,0.0,678.0
348,41,62.3,181,162,73,1.99,19.0,2.7,5,3,19.44,1.0,0.0,1.0,1451.0
349,30,64.1,182,142,67,0.64,26.2,2.1,2,1,18.33,0.0,0.0,1.0,500.0
350,24,69.7,166,146,60,1.41,32.5,2.0,3,1,22.76,1.0,1.0,0.0,1029.0
351,53,56.9,199,164,65,1.49,29.5,2.0,3,2,22.51,1.0,0.0,0.0,1100.0
352,37,53.0,184,156,50,1.13,28.1,1.7,4,2,18.13,1.0,0.0,1.0,881.0
353,18,72.7,172,125,56,0.84,29.8,2.0,3,1,30.26,1.0,1.0,0.0,525.0
354,25,76.5,180,120,59,0.67,23.2,2.3,3,1,19.91,0.0,0.0,0.0,442.0
355,33,113.6,169,125,58,1.38,28.4,3.4,2,1,28.69,0.0,0.0,0.0,949.0
356,31,62.5,168,169,74,1.56,16.5,2.7,4,3,23.81,1.0,0.0,0.0,1318.0
357,29,95.2,174,141,52,0.64,26.6,2.5,2,1,27.52,0.0,0.0,1.0,496.0
358,40,51.7,161,160,71,0.9,21.4,3.0,3,1,15.61,0.0,0.0,0.0,792.0
359,32,105.3,184,143,72,0.57,26.9,2.9,3,1,37.76,0.0,1.0,0.0,448.0
360,45,71.2,172,144,63,1.37,34.1,1.6,3,1,25.23,1.0,0.0,0.0,888.0
361,51,78.1,193,134,74,0.92,31.1,2.6,3,1,34.25,1.0,0.0,0.0,555.0
362,19,50.6,193,145,64,1.21,30.6,2.1,3,2,17.93,1.0,0.0,1.0,877.0
363,49,70.2,194,127,51,0.7,29.6,2.6,3,1,19.65,0.0,0.0,1.0,440.0
364,40,62.6,197,143,73,1.93,18.1,2.7,5,3,26.74,1.0,1.0,0.0,1380.0
365,39,60.6,162,167,63,0.92,27.6,1.7,3,1,22.26,1.0,0.0,0.0,768.0
366,42,76.4,165,157,65,1.14,22.9,2.6,3,2,19.69,0.0,0.0,0.0,886.0
367,39,63.3,178,125,56,1.88,18.5,2.7,4,3,21.65,1.0,0.0,0.0,1175.0
368,39,68.6,162,154,53,1.33,32.4,1.5,3,2,25.51,1.0,1.0,0.0,1024.0
369,59,123.3,177,161,67,1.3,23.0,2.6,4,2,34.89,0.0,0.0,0.0,1036.0
370,23,107.0,198,120,73,1.35,23.5,2.9,2,1,28.43,0.0,0.0,0.0,891.0
371,32,68.3,168,165,54,1.42,29.9,3.5,2,1,18.53,0.0,0.0,0.0,1289.0
372,54,47.8,171,155,55,1.19,26.0,2.3,4,2,18.67,1.0,1.0,0.0,830.0
373,50,58.4,164,131,56,1.6,17.0,2.7,4,3,18.23,1.0,0.0,0.0,943.0
374,25,74.3,162,157,64,1.43,25.6,1.6,3,2,25.41,1.0,0.0,1.0,1123.0
375,22,106.8,170,130,50,1.0,28.2,2.3,4,2,32.24,0.0,0.0,1.0,715.0
376,56,125.5,189,131,73,1.26,20.9,2.7,4,2,38.73,0.0,0.0,0.0,817.0
377,21,55.2,163,161,53,1.37,31.7,1.7,4,2,22.98,1.0,0.0,0.0,1103.0
378,23,71.4,164,169,74,1.25,25.6,1.5,2,1,24.13,1.0,0.0,0.0,1056.0
379,49,77.7,160,158,50,1.03,26.7,3.4,3,2,29.98,0.0,0.0,0.0,806.0
380,47,88.4,186,126,60,1.86,14.2,3.5,5,3,34.53,0.0,0.0,0.0,1160.0
381,52,104.8,187,130,67,0.93,24.0,2.0,2,1,26.46,0.0,1.0,0.0,598.0
382,57,82.2,188,155,63,1.15,25.2,3.4,4,2,28.78,0.0,0.0,0.0,882.0
383,33,68.2,177,150,71,0.85,29.0,1.7,2,1,22.27,1.0,0.0,0.0,638.0
384,30,91.4,171,152,60,1.37,23.0,3.7,3,2,23.08,0.0,0.0,0.0,1145.0
385,59,42.1,172,132,59,1.22,33.0,2.2,2,1,15.46,1.0,0.0,0.0,725.0
386,47,68.7,161,137,66,1.37,27.7,2.4,3,2,22.18,1.0,0.0,0.0,845.0
387,36,47.2,196,160,53,1.5,32.2,1.6,4,2,15.59,1.0,1.0,0.0,1200.0
388,34,92.0,175,143,73,0.73,22.1,3.5,3,1,29.7,0.0,0.0,1.0,574.0
389,36,56.2,183,128,64,1.09,22.5,3.4,4,2,14.78,0.0,0.0,0.0,767.0
390,45,58.4,194,150,65,1.31,23.4,3.1,4,2,19.74,0.0,0.0,0.0,973.0
391,43,82.9,181,160,70,1.9,12.9,3.5,5,3,21.8,0.0,1.0,0.0,1505.0
392,54,66.9,195,129,62,1.24,29.5,2.1,2,1,22.1,1.0,0.0,0.0,720.0
393,43,66.3,170,121,58,1.18,27.5,3.2,2,1,19.37,0.0,1.0,0.0,707.0
394,40,93.6,188,157,60,1.38,22.1,2.0,3,1,25.13,0.0,1.0,0.0,1192.0
395,26,64.1,194,134,60,1.93,15.1,2.7,5,3,28.49,1.0,0.0,0.0,1293.0
396,29,86.7,174,122,55,1.52,13.9,3.5,4,3,33.04,0.0,0.0,0.0,1020.0
397,18,62.0,190,162,50,1.23,33.2,2.2,4,2,24.52,1.0,0.0,0.0,996.0
398,18,58.1,175,150,71,1.9,15.3,2.7,4,3,22.41,1.0,0.0,1.0,1425.0
399,51,64.9,169,125,55,1.49,31.1,2.5,4,2,25.35,1.0,0.0,1.0,838.0
400,49,69.3,191,122,62,1.14,28.8,1.9,4,2,26.41,1.0,0.0,0.0,626.0
401,42,42.7,161,130,71,1.04,32.9,1.6,3,1,14.1,1.0,0.0,0.0,608.0
402,57,51.4,183,134,73,1.2,33.7,2.0,4,2,19.35,1.0,0.0,1.0,724.0
403,18,67.4,182,164,71,0.6,33.5,2.4,3,1,26.33,1.0,0.0,0.0,492.0
404,33,55.6,161,147,54,1.77,18.9,2.7,4,3,21.45,1.0,0.0,1.0,1301.0
405,56,125.3,197,129,64,1.0,22.7,2.2,3,2,36.22,0.0,0.0,1.0,639.0
406,22,102.1,190,157,67,1.48,28.1,2.4,4,2,29.83,0.0,1.0,0.0,1278.0
407,39,61.9,199,166,69,1.32,25.3,2.3,3,1,19.76,0.0,0.0,0.0,1205.0
408,46,108.8,185,169,63,1.4,20.5,3.4,3,1,40.45,0.0,0.0,0.0,1171.0
409,20,51.1,188,169,64,0.5,29.6,1.6,2,1,20.47,1.0,0.0,1.0,422.0
410,29,81.7,162,126,54,1.45,29.4,3.2,2,1,20.63,0.0,0.0,0.0,1005.0
411,43,42.7,173,134,53,0.73,33.9,1.9,2,1,15.5,1.0,0.0,1.0,440.0
412,33,81.8,184,137,51,1.59,10.5,3.5,4,3,20.66,0.0,0.0,0.0,1198.0
413,54,54.6,160,137,56,1.28,27.4,3.3,4,2,17.63,0.0,1.0,0.0,868.0
414,39,107.7,162,160,59,0.72,28.1,3.6,2,1,30.47,0.0,0.0,0.0,634.0
415,46,56.9,185,143,65,0.88,27.7,1.6,3,1,22.23,1.0,1.0,0.0,566.0
416,31,78.8,177,121,59,1.49,24.7,2.5,4,2,26.95,0.0,0.0,0.0,992.0
417,45,48.2,168,159,67,1.25,32.1,2.5,4,2,17.92,1.0,0.0,0.0,894.0
418,22,50.7,197,139,66,1.27,29.4,1.8,3,2,20.05,1.0,0.0,0.0,883.0
419,47,86.6,182,153,70,1.98,10.6,3.5,4,3,21.87,0.0,0.0,0.0,1500.0
420,22,96.3,180,162,62,1.35,27.1,2.4,4,2,36.25,0.0,1.0,0.0,1203.0
421,29,80.8,160,145,50,1.65,14.6,3.5,5,3,20.61,0.0,0.0,0.0,1316.0
422,33,58.0,180,126,50,1.84,18.3,2.7,5,3,24.78,1.0,0.0,0.0,1159.0
423,43,95.9,186,157,64,1.28,27.7,3.4,2,1,28.02,0.0,0.0,1.0,995.0
424,43,61.5,165,149,50,1.86,16.8,2.7,5,3,24.64,1.0,0.0,0.0,1247.0
425,38,40.6,195,161,55,0.62,26.8,2.7,2,1,12.67,1.0,1.0,0.0,499.0
426,56,82.5,187,124,74,1.51,13.2,3.5,5,3,23.59,0.0,0.0,1.0,927.0
427,53,105.1,176,130,62,0.69,23.3,2.9,3,1,31.04,0.0,1.0,0.0,444.0
428,50,58.1,199,120,50,1.93,19.3,2.7,5,3,23.27,1.0,0.0,1.0,1042.0
429,47,61.0,162,153,54,1.54,15.6,2.7,5,3,19.69,1.0,0.0,0.0,1060.0
430,54,64.5,171,120,58,1.74,17.2,2.7,4,3,27.55,1.0,0.0,1.0,940.0
431,40,58.2,198,138,74,1.43,24.0,2.5,3,2,14.85,0.0,1.0,0.0,1085.0
432,27,69.5,171,121,66,0.94,34.4,2.0,3,1,22.44,1.0,0.0,0.0,569.0
433,22,62.2,161,140,65,0.51,21.5,2.3,3,1,18.37,0.0,0.0,0.0,393.0
434,53,68.0,181,139,57,1.06,25.1,2.4,4,2,23.53,1.0,0.0,0.0,663.0
435,51,56.3,182,142,66,1.43,27.4,2.4,3,1,25.02,1.0,1.0,0.0,914.0
436,48,94.5,189,140,64,1.01,28.2,3.5,3,2,32.7,0.0,1.0,0.0,700.0
437,27,58.0,164,143,73,1.39,27.1,1.5,2,1,18.1,1.0,1.0,0.0,994.0
438,36,84.0,168,123,50,1.8,11.2,3.5,5,3,22.32,0.0,0.0,0.0,1218.0
439,49,61.0,180,131,61,1.14,21.3,3.0,4,2,17.44,0.0,0.0,0.0,739.0
440,18,64.8,170,141,54,1.98,18.6,2.7,5,3,27.68,1.0,0.0,1.0,1396.0
441,22,45.7,164,139,73,1.04,20.7,2.4,3,1,14.59,0.0,0.0,0.0,795.0
442,21,80.9,194,137,55,1.8,11.7,3.5,4,3,22.41,0.0,0.0,1.0,1356.0
443,33,64.1,186,120,74,1.58,16.4,2.7,5,3,24.13,1.0,0.0,0.0,948.0
444,41,67.0,161,149,50,1.22,25.6,2.6,3,2,21.39,0.0,0.0,0.0,900.0
445,33,106.5,183,152,74,1.4,27.3,3.3,4,2,41.6,0.0,0.0,0.0,1170.0
446,19,95.1,190,143,50,1.21,25.3,2.3,4,2,27.79,0.0,0.0,1.0,952.0
447,45,65.5,192,133,59,0.66,34.3,2.3,2,1,26.57,1.0,1.0,0.0,395.0
448,49,105.7,198,155,59,1.2,29.5,3.1,3,2,39.3,0.0,1.0,0.0,921.0
449,44,48.0,189,124,52,0.88,28.6,2.6,2,1,15.5,1.0,0.0,1.0,491.0
450,37,69.5,196,130,66,0.69,32.8,2.4,2,1,30.89,1.0,1.0,0.0,448.0
451,41,66.1,187,143,68,0.77,27.4,3.4,2,1,23.14,0.0,0.0,1.0,545.0
452,29,68.0,190,150,60,0.76,28.9,2.9,2,1,23.53,0.0,0.0,0.0,627.0
453,52,50.3,170,132,67,0.85,24.5,2.3,2,1,15.88,0.0,0.0,0.0,555.0
454,50,69.3,182,135,51,1.2,30.3,2.0,2,1,24.55,1.0,0.0,0.0,729.0
455,50,86.7,161,143,58,1.7,12.1,3.5,4,3,32.63,0.0,1.0,0.0,1203.0
456,54,125.9,199,132,73,1.35,28.5,2.9,3,2,33.45,0.0,0.0,0.0,882.0
457,29,88.1,186,143,66,1.88,11.1,3.5,5,3,23.65,0.0,1.0,0.0,1479.0
458,20,124.3,194,145,63,1.25,22.4,3.2,3,2,37.53,0.0,1.0,0.0,997.0
459,18,62.0,161,121,53,0.88,23.7,3.0,3,1,18.12,0.0,0.0,0.0,586.0
460,50,69.7,198,135,66,1.24,27.3,2.0,4,2,23.56,1.0,0.0,0.0,753.0
461,57,60.9,196,157,66,1.31,30.6,1.8,3,2,26.36,1.0,0.0,0.0,926.0
462,27,76.5,180,165,61,1.13,21.3,2.3,2,1,19.71,0.0,0.0,0.0,1025.0
463,46,94.7,164,120,69,1.47,23.2,3.2,3,2,28.59,0.0,1.0,0.0,873.0
464,30,67.9,180,168,67,1.25,29.1,3.1,2,1,22.17,0.0,0.0,1.0,1155.0
465,29,121.1,188,130,52,1.31,24.1,3.2,4,2,34.63,0.0,0.0,0.0,937.0
466,48,71.5,179,154,60,1.46,32.5,1.9,4,2,26.58,1.0,0.0,1.0,1012.0
467,19,98.6,197,162,74,0.83,21.1,2.4,2,1,34.12,0.0,1.0,0.0,740.0
468,52,68.2,179,148,67,1.17,27.5,2.4,3,1,25.67,1.0,0.0,0.0,779.0
469,40,57.7,184,156,53,1.18,33.1,2.4,4,2,20.2,1.0,0.0,0.0,920.0
470,34,124.6,161,136,66,1.41,27.6,2.8,3,2,46.9,0.0,0.0,0.0,1055.0
471,43,73.0,191,158,67,1.31,28.9,2.2,3,1,28.88,1.0,0.0,1.0,931.0
472,25,59.4,185,161,54,1.62,19.8,2.7,5,3,26.05,1.0,1.0,0.0,1304.0
473,46,52.0,165,147,63,0.7,34.1,1.9,2,1,19.1,1.0,1.0,0.0,463.0
474,43,42.2,162,148,59,1.33,34.6,2.3,3,2,15.5,1.0,1.0,0.0,886.0
475,27,89.3,192,162,64,1.82,12.1,3.5,4,3,33.2,0.0,0.0,0.0,1622.0
476,43,110.0,160,122,50,1.09,22.0,3.4,3,1,35.51,0.0,0.0,1.0,658.0
477,51,66.2,164,129,65,0.86,31.3,2.3,3,1,26.52,1.0,0.0,0.0,499.0
478,58,58.6,172,161,60,1.21,26.8,2.9,2,1,21.27,0.0,0.0,0.0,964.0
479,24,51.0,178,133,72,0.97,21.3,2.8,3,1,18.29,0.0,0.0,0.0,710.0
480,21,101.5,171,131,69,0.97,27.9,3.1,3,1,26.69,0.0,0.0,1.0,699.0
481,28,114.2,184,166,55,1.05,20.2,3.2,3,2,32.66,0.0,0.0,0.0,959.0
482,46,54.4,194,161,73,0.91,24.8,2.9,2,1,18.39,0.0,1.0,0.0,725.0
483,53,52.4,171,149,71,1.34,28.3,2.2,3,2,21.26,1.0,0.0,0.0,898.0
484,42,85.2,189,151,65,1.54,13.7,3.5,5,3,26.01,0.0,0.0,1.0,1151.0
485,38,83.6,164,151,51,1.66,11.6,3.5,5,3,27.61,0.0,1.0,0.0,1379.0
486,53,115.4,193,161,50,1.36,28.3,2.2,4,2,31.3,0.0,0.0,1.0,1084.0
487,27,71.2,181,151,73,0.74,25.9,3.6,3,1,18.35,0.0,0.0,0.0,615.0
488,54,78.1,198,145,73,1.1,32.9,2.4,4,2,30.51,1.0,0.0,1.0,718.0
489,26,54.2,172,120,58,1.07,34.9,1.9,4,2,19.91,1.0,1.0,0.0,642.0
490,41,77.6,162,161,71,1.27,31.8,2.2,4,2,25.05,1.0,0.0,0.0,920.0
491,52,44.1,179,121,61,1.41,34.8,1.6,3,1,16.8,1.0,0.0,0.0,768.0
492,52,85.5,190,136,66,1.7,10.1,3.5,5,3,26.39,0.0,0.0,0.0,1144.0
493,53,47.8,164,149,74,1.06,28.4,1.5,4,2,15.43,1.0,0.0,0.0,711.0
494,35,102.5,183,158,64,0.84,21.1,2.4,2,1,27.23,0.0,1.0,0.0,730.0
495,56,118.0,199,126,68,0.66,22.6,3.2,2,1,32.69,0.0,0.0,0.0,412.0
496,49,82.3,192,146,71,1.29,28.4,3.4,4,2,24.31,0.0,0.0,0.0,932.0
497,41,81.6,167,128,59,1.87,10.2,3.5,5,3,23.33,0.0,0.0,0.0,1185.0
498,40,60.2,183,141,61,1.22,25.2,3.0,3,2,17.03,0.0,1.0,0.0,946.0
499,49,49.2,179,153,63,1.28,30.7,2.1,3,2,20.75,1.0,0.0,0.0,881.0
500,54,46.6,175,165,58,1.38,30.6,2.0,2,1,20.71,1.0,0.0,0.0,1025.0
501,29,68.7,171,168,62,1.08,29.8,1.7,4,2,23.22,1.0,1.0,0.0,907.0
502,30,60.6,172,120,52,1.3,32.9,1.6,3,2,25.22,1.0,0.0,0.0,780.0
503,40,52.1,198,128,70,0.87,21.3,3.3,2,1,20.1,0.0,0.0,0.0,612.0
504,42,46.6,184,139,63,0.61,28.1,2.6,2,1,14.87,1.0,0.0,1.0,382.0
505,52,65.5,191,138,70,1.48,26.2,2.8,4,2,21.63,0.0,0.0,0.0,1011.0
506,58,44.2,183,155,59,1.08,31.9,2.3,3,1,17.93,1.0,0.0,0.0,753.0
507,47,89.1,168,159,65,1.44,24.0,3.6,3,2,26.32,0.0,0.0,1.0,1133.0
508,34,65.9,199,164,56,0.81,28.8,2.2,2,1,25.11,0.0,0.0,1.0,731.0
509,37,55.6,182,123,53,0.97,29.2,2.4,2,1,22.56,1.0,1.0,0.0,597.0
510,42,63.7,172,128,69,1.37,24.0,3.0,2,1,16.25,0.0,0.0,1.0,868.0
511,39,86.2,191,160,72,1.96,10.2,3.5,5,3,26.02,0.0,0.0,0.0,1725.0
512,30,59.2,174,141,74,1.85,17.8,2.7,4,3,22.28,1.0,0.0,0.0,1304.0
513,36,85.4,195,137,60,1.98,13.5,3.5,5,3,24.16,0.0,0.0,1.0,1492.0
514,53,68.1,164,131,65,1.41,26.1,2.2,4,2,28.35,1.0,0.0,0.0,831.0
515,29,60.0,181,161,69,0.85,28.1,1.9,2,1,22.86,1.0,0.0,0.0,684.0
516,58,74.8,175,162,53,1.28,32.8,2.3,4,2,26.19,1.0,0.0,0.0,933.0
517,36,90.3,169,158,71,1.38,23.7,3.4,4,2,33.17,0.0,1.0,0.0,1199.0
518,29,86.1,183,128,71,1.66,11.2,3.5,4,3,31.63,0.0,0.0,0.0,1169.0
519,26,73.7,177,125,72,0.93,26.7,2.2,2,1,26.75,0.0,0.0,1.0,639.0
520,24,67.7,177,138,66,1.42,27.0,2.1,3,2,27.82,1.0,0.0,0.0,980.0
521,45,78.3,166,167,62,1.29,29.0,2.2,3,1,20.38,0.0,1.0,0.0,1066.0
522,31,48.2,163,166,60,1.1,26.1,2.5,2,1,17.7,1.0,1.0,0.0,913.0
523,48,56.8,185,126,52,1.37,32.1,2.1,4,2,24.91,1.0,0.0,0.0,777.0
524,36,112.4,164,135,58,1.02,25.0,3.4,4,2,42.3,0.0,1.0,0.0,757.0
525,33,59.0,175,124,55,0.9,33.7,1.9,3,1,21.16,1.0,1.0,0.0,558.0
526,22,98.4,194,135,71,0.52,21.3,2.2,2,1,27.84,0.0,1.0,0.0,386.0
527,52,66.5,185,120,70,1.34,26.8,2.1,4,2,25.98,0.0,0.0,0.0,796.0
528,29,106.5,177,156,60,1.29,25.7,2.5,4,2,32.51,0.0,1.0,0.0,1107.0
529,42,88.4,188,158,65,1.68,12.4,3.5,4,3,23.73,0.0,0.0,1.0,1314.0
530,38,88.4,182,138,68,1.74,12.5,3.5,5,3,27.59,0.0,0.0,1.0,1321.0
531,53,53.3,173,156,54,1.37,32.2,1.8,3,2,17.6,1.0,0.0,0.0,962.0
532,40,58.1,174,136,63,0.61,34.4,2.2,2,1,23.87,1.0,0.0,1.0,415.0
533,33,74.2,192,145,66,1.15,25.9,1.5,4,2,23.95,1.0,0.0,0.0,834.0
534,56,84.6,184,141,52,1.01,20.2,2.9,4,2,31.84,0.0,0.0,0.0,705.0
535,59,78.0,180,127,53,0.72,28.1,2.7,3,1,21.16,0.0,1.0,0.0,453.0
536,56,89.0,176,152,65,1.77,10.5,3.5,5,3,31.53,0.0,0.0,1.0,1332.0
537,31,42.7,182,121,65,1.46,34.9,2.2,3,1,13.78,1.0,0.0,0.0,883.0
538,48,83.9,176,149,70,1.9,13.1,3.5,5,3,25.33,0.0,0.0,0.0,1401.0
539,22,78.7,173,166,74,1.45,31.5,2.3,3,2,34.06,1.0,0.0,0.0,1204.0
540,52,65.9,188,139,53,1.27,27.0,2.3,4,2,28.52,1.0,1.0,0.0,794.0
541,40,76.9,179,137,68,1.13,22.4,3.7,4,2,20.86,0.0,0.0,1.0,851.0
542,46,84.3,189,162,66,1.83,13.3,3.5,5,3,21.07,0.0,0.0,0.0,1467.0
543,28,62.4,178,129,62,1.1,34.1,1.7,3,2,24.37,1.0,0.0,0.0,710.0
544,35,63.7,198,143,71,1.03,29.8,2.7,4,2,21.04,0.0,0.0,0.0,810.0
545,29,54.9,172,123,72,1.48,27.0,2.0,3,1,23.76,1.0,0.0,0.0,910.0
546,26,76.4,177,156,73,1.17,21.3,2.7,3,2,23.84,0.0,0.0,0.0,1004.0
547,27,106.4,182,123,50,1.34,20.6,3.1,2,1,30.76,0.0,1.0,0.0,907.0
548,34,68.4,192,132,61,1.37,33.7,2.1,4,2,30.4,1.0,1.0,0.0,904.0
549,55,63.5,198,144,53,1.36,22.9,2.9,4,2,18.35,0.0,0.0,0.0,969.0
550,24,59.4,199,132,60,1.25,25.0,2.0,3,2,26.4,1.0,0.0,1.0,825.0
551,30,113.4,177,137,54,1.27,22.2,3.7,3,1,31.08,0.0,0.0,0.0,957.0
552,57,61.9,168,143,51,0.92,28.4,2.6,3,1,26.79,1.0,0.0,0.0,592.0
553,59,70.7,192,121,66,1.17,34.9,1.9,3,2,25.05,1.0,1.0,0.0,637.0
554,26,111.5,191,167,57,1.02,25.2,2.2,2,1,30.89,0.0,0.0,1.0,937.0
555,44,72.1,176,152,55,1.4,27.0,2.5,2,1,26.16,1.0,0.0,0.0,958.0
556,19,56.9,178,138,70,0.61,23.3,3.7,3,1,16.27,0.0,1.0,0.0,463.0
557,22,86.2,186,128,58,1.91,11.7,3.5,5,3,23.88,0.0,0.0,0.0,1345.0
558,46,59.4,165,147,62,1.16,20.2,2.5,4,2,21.05,0.0,0.0,0.0,844.0
559,54,75.6,194,154,60,0.97,26.4,1.9,3,1,25.55,1.0,1.0,0.0,672.0
560,55,76.3,196,158,65,1.08,32.0,2.6,3,1,25.49,1.0,0.0,1.0,768.0
561,36,95.8,193,129,65,1.37,21.2,3.2,3,1,27.69,0.0,0.0,0.0,972.0
562,25,120.6,179,120,51,1.04,22.3,2.5,3,2,36.01,0.0,1.0,0.0,686.0
563,18,65.3,184,161,59,1.42,28.5,2.2,3,2,27.18,1.0,0.0,1.0,1143.0
564,39,85.3,163,140,61,0.77,27.6,3.6,2,1,23.88,0.0,0.0,0.0,593.0
565,34,68.0,169,128,57,0.67,25.8,3.4,2,1,24.09,0.0,1.0,0.0,472.0
566,24,52.6,169,166,60,1.29,31.9,2.4,2,1,21.34,1.0,0.0,0.0,1071.0
567,42,63.3,183,134,59,1.32,25.7,3.3,3,2,20.2,0.0,0.0,0.0,876.0
568,21,76.3,180,154,62,1.14,31.8,1.7,3,2,28.03,1.0,0.0,0.0,878.0
569,53,61.0,170,124,74,0.54,20.0,3.4,3,1,22.96,0.0,1.0,0.0,331.0
570,23,67.8,186,160,66,1.34,34.3,1.8,2,1,26.16,1.0,0.0,0.0,1072.0
571,48,114.9,175,141,56,1.36,21.1,3.6,3,1,33.21,0.0,1.0,0.0,949.0
572,36,88.0,185,160,73,1.87,12.0,3.5,5,3,30.09,0.0,0.0,0.0,1646.0
573,56,67.7,189,142,52,1.45,32.7,1.9,2,1,27.12,1.0,0.0,0.0,927.0
574,44,124.8,175,126,69,1.35,24.4,3.5,4,2,36.46,0.0,0.0,0.0,842.0
575,27,53.0,166,142,62,1.26,34.5,1.8,4,2,21.23,1.0,1.0,0.0,895.0
576,43,61.2,175,163,68,1.03,24.7,2.9,3,1,17.32,0.0,0.0,1.0,831.0
577,36,48.7,194,144,56,1.23,33.7,1.6,3,1,17.25,1.0,0.0,1.0,886.0
578,56,50.6,175,146,58,1.29,33.1,2.3,2,1,17.51,1.0,0.0,0.0,848.0
579,20,72.6,199,160,68,1.27,34.8,2.5,3,2,24.26,1.0,0.0,0.0,1016.0
580,30,70.4,171,125,62,1.03,34.3,2.4,4,2,28.93,1.0,0.0,1.0,644.0
581,45,52.5,194,153,71,1.08,29.0,2.9,4,2,14.85,0.0,0.0,0.0,818.0
582,37,76.3,180,128,57,1.36,27.3,2.1,4,2,24.35,0.0,0.0,0.0,957.0
583,45,41.2,195,168,71,1.47,28.7,2.6,2,1,16.5,1.0,0.0,0.0,1111.0
584,25,55.3,176,152,67,1.56,15.5,2.7,4,3,17.85,1.0,0.0,1.0,1186.0
585,58,49.7,191,125,72,1.38,31.9,2.3,4,2,17.82,1.0,0.0,0.0,776.0
586,56,48.3,165,156,51,0.68,29.8,3.3,3,1,13.81,0.0,0.0,0.0,525.0
587,18,83.2,183,150,67,1.83,13.6,3.5,4,3,21.66,0.0,0.0,0.0,1510.0
588,20,120.5,186,153,67,1.01,29.3,3.4,3,2,40.26,0.0,1.0,0.0,850.0
589,30,121.6,179,160,60,1.24,28.0,3.3,4,2,30.4,0.0,1.0,0.0,1091.0
590,45,73.0,184,148,50,1.14,26.6,2.0,4,2,23.84,1.0,0.0,1.0,759.0
591,42,57.5,161,133,63,1.76,16.2,2.7,5,3,20.62,1.0,1.0,0.0,1053.0
592,50,42.7,168,155,65,1.41,28.4,2.4,4,2,18.24,1.0,0.0,0.0,983.0
593,55,129.9,187,155,60,0.69,21.7,3.1,3,1,43.4,0.0,0.0,1.0,529.0
594,23,108.6,197,134,50,0.89,25.8,3.5,2,1,29.46,0.0,0.0,1.0,656.0
595,49,88.6,162,127,56,1.83,14.9,3.5,4,3,22.15,0.0,1.0,0.0,1150.0
596,38,49.7,179,145,65,1.25,32.6,2.5,3,1,21.8,1.0,0.0,0.0,906.0
597,33,56.4,165,155,63,1.06,29.2,1.5,3,1,23.78,1.0,0.0,0.0,822.0
598,38,46.9,198,167,64,1.03,20.0,2.6,4,2,15.49,0.0,0.0,0.0,946.0
599,28,71.3,192,140,63,1.46,28.1,1.5,4,2,25.57,1.0,0.0,0.0,1022.0
600,54,71.6,160,147,70,1.14,25.3,2.2,3,2,20.7,0.0,0.0,1.0,830.0
601,53,82.3,196,123,60,1.87,11.6,3.5,5,3,31.75,0.0,0.0,0.0,1139.0
602,52,70.6,165,135,65,1.36,26.1,2.2,3,1,24.72,1.0,0.0,0.0,826.0
603,36,109.8,193,141,68,0.84,24.4,3.5,3,1,41.84,0.0,0.0,0.0,651.0
604,37,73.5,174,131,66,0.54,27.5,1.6,2,1,25.73,1.0,1.0,0.0,354.0
605,35,85.6,185,135,55,1.78,14.5,3.5,5,3,25.01,0.0,0.0,0.0,1322.0
606,58,74.6,173,159,60,1.03,26.0,2.0,4,2,26.43,1.0,0.0,1.0,737.0
607,31,63.2,166,157,66,0.59,25.5,2.6,2,1,19.51,1.0,1.0,0.0,463.0
608,32,62.6,190,161,58,1.67,15.0,2.7,5,3,23.56,1.0,0.0,0.0,1344.0
609,48,87.1,183,156,67,1.81,11.6,3.5,5,3,28.12,0.0,0.0,0.0,1398.0
610,18,82.3,190,148,66,1.73,13.3,3.5,5,3,24.31,0.0,0.0,0.0,1408.0
611,20,64.3,188,137,61,1.71,18.7,2.7,4,3,20.29,1.0,1.0,0.0,1171.0
612,33,53.7,191,129,72,1.25,29.5,2.5,3,1,19.49,1.0,0.0,0.0,806.0
613,40,63.0,176,161,71,1.42,26.8,2.9,4,2,15.75,0.0,0.0,0.0,1257.0
614,28,128.4,173,158,71,1.06,23.6,3.3,4,2,37.11,0.0,0.0,0.0,921.0
615,29,88.0,199,137,54,1.75,13.3,3.5,5,3,24.64,0.0,1.0,0.0,1319.0
616,27,63.7,195,120,60,1.19,25.4,2.1,4,2,27.57,1.0,0.0,0.0,714.0
617,49,83.7,183,158,53,1.29,23.9,2.3,4,2,23.94,0.0,0.0,0.0,1009.0
618,33,102.6,186,140,53,1.4,27.9,2.2,3,2,33.5,0.0,0.0,0.0,1078.0
619,25,77.7,184,120,52,0.55,33.0,1.7,2,1,32.34,1.0,0.0,1.0,330.0
620,55,87.5,191,134,73,1.19,27.2,2.6,4,2,24.76,0.0,0.0,1.0,789.0
621,29,87.0,177,123,72,1.52,11.0,3.5,4,3,25.15,0.0,0.0,1.0,1028.0
622,41,82.8,177,139,74,1.97,11.2,3.5,5,3,30.05,0.0,0.0,0.0,1355.0
623,45,65.4,196,129,66,0.76,35.0,2.6,3,1,23.17,1.0,0.0,0.0,441.0
624,25,47.2,185,142,56,0.89,26.0,2.5,2,1,16.14,1.0,1.0,0.0,632.0
625,45,58.2,168,160,53,0.95,26.8,2.0,3,1,20.14,1.0,0.0,1.0,684.0
626,53,73.5,194,153,72,1.17,26.3,2.1,4,2,30.59,1.0,0.0,0.0,806.0
627,43,55.2,167,165,62,1.67,16.6,2.7,5,3,18.44,1.0,1.0,0.0,1240.0
628,25,64.4,179,167,61,1.12,27.1,1.8,3,1,22.02,1.0,0.0,0.0,935.0
629,45,73.5,181,152,50,1.18,30.0,2.3,4,2,24.28,1.0,1.0,0.0,807.0
630,45,89.6,178,153,70,1.7,12.4,3.5,5,3,27.35,0.0,0.0,1.0,1287.0
631,54,86.5,189,158,68,1.48,29.0,3.4,3,2,27.92,0.0,0.0,1.0,1158.0
632,58,46.1,187,129,70,1.28,25.3,1.8,4,2,16.53,1.0,0.0,1.0,743.0
633,53,68.5,194,139,69,1.3,23.2,2.1,3,2,17.65,0.0,0.0,0.0,894.0
634,44,94.6,170,120,67,1.26,26.0,3.1,4,2,27.94,0.0,0.0,0.0,748.0
635,34,54.2,190,132,60,1.13,31.0,2.2,3,1,23.46,1.0,1.0,0.0,746.0
636,26,47.7,198,120,69,1.15,24.8,2.7,3,2,15.23,0.0,0.0,0.0,759.0
637,50,52.2,195,124,52,1.38,28.2,3.1,4,2,15.42,0.0,0.0,0.0,847.0
638,37,88.8,189,135,66,1.58,10.3,3.5,5,3,23.35,0.0,0.0,1.0,1173.0
639,30,101.0,182,134,61,1.46,28.2,2.9,4,2,35.79,0.0,0.0,0.0,1076.0
640,45,118.4,178,168,59,1.06,24.9,2.4,3,2,31.14,0.0,0.0,1.0,881.0
641,46,47.9,171,147,57,1.41,26.3,2.0,3,1,16.19,1.0,1.0,0.0,933.0
642,30,51.5,174,150,64,1.08,33.9,2.0,3,2,17.01,1.0,0.0,0.0,810.0
643,52,79.9,190,142,54,0.75,31.5,2.6,3,1,35.04,1.0,0.0,0.0,479.0
644,23,121.3,196,167,53,0.72,21.6,3.6,2,1,35.44,0.0,0.0,1.0,661.0
645,35,78.9,196,164,70,1.28,25.3,2.6,4,2,29.34,1.0,1.0,0.0,1050.0
646,22,88.5,174,162,69,1.88,10.7,3.5,5,3,33.72,0.0,0.0,0.0,1675.0
647,42,73.5,188,136,68,0.52,26.1,3.2,3,1,27.66,0.0,0.0,0.0,350.0
648,19,127.9,185,168,70,1.27,21.8,3.0,4,2,34.34,0.0,0.0,0.0,1173.0
649,27,88.5,161,153,53,1.8,11.1,3.5,4,3,22.57,0.0,1.0,0.0,1515.0
650,47,43.4,179,132,64,0.51,25.3,2.3,3,1,16.54,1.0,1.0,0.0,303.0
651,22,42.8,174,133,66,1.47,32.2,2.6,3,2,17.59,1.0,0.0,0.0,978.0
652,50,64.5,163,130,61,1.17,28.1,2.4,4,2,20.13,0.0,0.0,1.0,753.0
653,18,50.7,181,147,52,1.29,33.0,2.1,3,2,21.66,1.0,0.0,1.0,948.0
654,35,59.2,197,161,59,1.3,21.3,3.2,3,1,21.48,0.0,0.0,0.0,1151.0
655,49,78.9,182,151,64,1.38,34.0,2.3,2,1,26.36,1.0,1.0,0.0,938.0
656,28,78.7,185,154,59,1.1,31.7,1.8,3,2,29.62,1.0,0.0,0.0,847.0
657,38,68.7,170,150,73,1.31,29.0,3.0,4,2,18.64,0.0,1.0,0.0,1081.0
658,43,53.1,187,136,72,0.82,29.5,2.5,2,1,21.0,1.0,0.0,0.0,502.0
659,42,64.8,161,166,67,1.1,24.4,2.8,3,2,23.8,0.0,1.0,0.0,904.0
660,39,50.3,167,128,50,1.17,32.8,2.5,2,1,19.41,1.0,0.0,0.0,749.0
661,44,102.3,188,129,52,1.34,20.9,2.6,4,2,38.5,0.0,0.0,1.0,856.0
662,30,62.9,170,127,70,1.13,25.2,3.6,2,1,17.06,0.0,0.0,0.0,789.0
663,50,56.5,196,140,61,1.88,19.2,2.7,5,3,22.07,1.0,0.0,1.0,1184.0
664,51,74.6,177,132,50,0.71,33.3,2.1,2,1,31.05,1.0,1.0,0.0,422.0
665,58,52.0,173,169,52,1.12,29.6,3.0,3,1,16.23,0.0,0.0,0.0,937.0
666,52,52.1,169,124,52,1.5,32.0,1.5,2,1,18.68,1.0,0.0,1.0,837.0
667,18,72.2,194,125,54,0.97,27.1,1.7,2,1,30.44,1.0,0.0,0.0,606.0
668,38,85.8,168,149,68,1.72,10.1,3.5,4,3,26.48,0.0,1.0,0.0,1410.0
669,23,81.4,194,150,74,1.6,12.4,3.5,4,3,23.78,0.0,1.0,0.0,1320.0
670,45,50.9,170,136,50,1.45,30.1,2.3,2,1,18.7,1.0,0.0,0.0,887.0
671,34,52.0,171,130,53,1.38,22.4,2.7,4,2,16.41,0.0,0.0,0.0,987.0
672,22,71.0,162,139,53,1.42,21.2,2.9,4,2,19.06,0.0,0.0,1.0,1086.0
673,48,80.6,198,167,66,1.51,12.9,3.5,4,3,25.73,0.0,1.0,0.0,1248.0
674,22,58.3,173,128,63,1.0,32.6,1.6,3,2,19.71,1.0,0.0,1.0,640.0
675,55,63.0,187,121,67,1.32,34.9,2.5,3,1,21.8,1.0,0.0,0.0,719.0
676,20,111.0,170,156,50,1.02,27.6,3.3,4,2,29.49,0.0,1.0,0.0,875.0
677,40,52.6,198,120,71,1.27,32.9,1.7,3,2,19.09,1.0,0.0,0.0,762.0
678,54,116.4,184,123,65,1.13,26.2,3.1,3,1,29.1,0.0,0.0,1.0,688.0
679,54,75.6,180,155,52,1.41,34.9,2.5,4,2,29.17,1.0,0.0,1.0,983.0
680,27,61.6,169,144,72,1.48,26.4,3.1,2,1,19.01,0.0,0.0,1.0,1172.0
681,27,108.0,174,122,70,1.38,28.6,2.5,4,2,33.33,0.0,1.0,0.0,926.0
682,36,59.3,178,128,58,0.99,34.5,2.3,3,1,19.36,1.0,0.0,0.0,634.0
683,34,75.7,181,141,72,1.18,29.3,2.4,4,2,20.11,0.0,0.0,0.0,915.0
684,38,56.3,180,142,53,1.21,28.8,1.9,4,2,21.99,1.0,0.0,1.0,859.0
685,31,58.2,191,131,70,1.17,25.8,1.8,3,2,19.45,1.0,0.0,1.0,766.0
686,26,55.7,182,129,54,1.13,21.7,2.9,3,1,19.73,0.0,0.0,1.0,802.0
687,18,125.9,172,153,60,1.46,20.6,2.2,3,2,45.14,0.0,0.0,1.0,1229.0
688,30,62.7,164,162,70,1.02,26.1,2.6,4,2,22.48,1.0,0.0,0.0,826.0
689,21,86.6,163,129,58,1.37,21.8,2.6,3,2,25.03,0.0,0.0,0.0,972.0
690,18,64.5,187,149,52,1.2,23.4,2.4,3,2,19.47,0.0,0.0,0.0,983.0
691,57,76.6,173,141,55,1.14,25.4,2.8,4,2,22.14,0.0,0.0,1.0,796.0
692,49,81.4,167,125,73,1.98,13.6,3.5,5,3,24.31,0.0,0.0,1.0,1225.0
693,51,60.7,168,169,60,1.14,22.1,2.5,2,1,20.76,0.0,0.0,0.0,954.0
694,45,57.2,194,121,58,1.67,18.4,2.7,5,3,23.81,1.0,1.0,0.0,909.0
695,48,73.0,196,149,64,1.19,32.0,2.1,3,2,28.88,1.0,0.0,0.0,798.0
696,25,123.8,180,121,72,1.13,25.6,2.6,3,1,31.26,0.0,0.0,0.0,752.0
697,56,93.6,177,151,52,1.37,29.0,2.2,2,1,33.97,0.0,0.0,0.0,1024.0
698,43,76.8,192,161,50,1.24,21.1,2.5,3,1,20.83,0.0,0.0,1.0,988.0
699,51,54.7,167,135,69,1.11,26.8,2.0,4,2,23.37,1.0,0.0,0.0,674.0
700,20,92.3,176,131,71,1.14,24.3,2.1,3,2,24.52,0.0,0.0,0.0,821.0
701,29,71.8,190,120,68,1.2,26.3,2.4,4,2,29.89,1.0,1.0,0.0,720.0
702,18,66.9,193,127,63,1.07,30.7,2.2,3,2,27.14,1.0,1.0,0.0,679.0
703,22,48.7,165,167,66,1.37,29.0,2.2,4,2,15.72,1.0,0.0,0.0,1144.0
704,47,66.2,181,169,71,1.42,22.8,2.9,3,1,22.64,0.0,0.0,0.0,1188.0
705,47,40.0,173,132,63,0.8,26.7,2.2,3,1,12.91,1.0,0.0,0.0,475.0
706,34,112.4,162,134,66,1.18,23.4,3.6,4,2,32.84,0.0,0.0,0.0,870.0
707,40,70.0,171,163,74,0.85,31.1,1.5,3,1,29.14,1.0,0.0,1.0,693.0
708,32,84.0,195,127,63,1.45,25.8,2.1,3,1,27.74,0.0,0.0,0.0,1013.0
709,54,43.8,171,129,61,1.29,26.6,1.7,4,2,16.09,1.0,0.0,1.0,749.0
710,38,123.3,161,165,65,1.34,21.2,2.3,4,2,46.98,0.0,0.0,1.0,1216.0
711,31,57.9,161,124,50,1.8,15.1,2.7,5,3,23.79,1.0,0.0,1.0,1116.0
712,19,82.4,174,169,62,1.9,10.1,3.5,5,3,21.45,0.0,0.0,0.0,1766.0
713,28,84.8,182,138,55,1.35,28.8,2.3,4,2,26.47,0.0,1.0,0.0,1025.0
714,56,109.6,188,166,66,1.29,20.5,3.1,3,2,39.77,0.0,1.0,0.0,1060.0
715,55,86.4,176,157,61,1.0,27.3,2.8,3,2,27.58,0.0,0.0,1.0,777.0
716,51,63.9,191,130,72,1.07,33.7,2.7,4,2,19.72,1.0,0.0,0.0,626.0
717,55,70.8,166,162,68,0.54,26.0,1.8,3,1,26.98,1.0,0.0,0.0,394.0
718,51,115.3,189,139,55,1.38,24.4,2.5,3,2,41.34,0.0,0.0,1.0,950.0
719,35,55.3,187,139,56,1.71,19.8,2.7,5,3,22.72,1.0,0.0,0.0,1188.0
720,47,73.9,173,140,50,1.36,28.3,3.7,3,1,22.81,0.0,0.0,0.0,942.0
721,32,97.3,189,137,50,1.36,24.9,3.4,3,2,25.33,0.0,0.0,0.0,1025.0
722,44,60.4,176,169,54,1.27,32.6,2.1,4,2,22.19,1.0,0.0,0.0,966.0
723,51,49.3,191,129,55,1.36,28.3,2.9,2,1,19.02,0.0,1.0,0.0,868.0
724,55,91.8,165,153,65,1.44,23.5,3.4,3,1,28.97,0.0,1.0,0.0,1091.0
725,50,73.6,183,145,74,0.89,33.9,2.1,3,1,30.63,1.0,0.0,0.0,581.0
726,41,47.1,165,149,65,1.26,24.7,2.4,3,1,14.87,0.0,0.0,1.0,929.0
727,32,65.2,186,128,63,0.58,25.3,3.4,2,1,24.84,0.0,1.0,0.0,408.0
728,47,87.2,177,165,50,2.0,15.0,3.5,4,3,32.42,0.0,0.0,0.0,1634.0
729,59,96.7,183,150,62,0.57,28.4,2.9,3,1,33.07,0.0,0.0,1.0,423.0
730,34,46.9,196,161,69,1.02,28.6,1.7,3,2,18.09,1.0,0.0,0.0,821.0
731,22,72.1,183,123,59,1.38,25.1,2.1,3,1,27.47,1.0,0.0,0.0,849.0
732,46,62.5,197,125,73,1.61,18.1,2.7,4,3,26.35,1.0,0.0,0.0,906.0
733,21,110.7,193,133,59,1.06,27.0,2.7,3,1,38.76,0.0,0.0,1.0,775.0
734,27,102.6,199,123,58,1.41,26.5,3.5,3,2,30.64,0.0,0.0,0.0,954.0
735,34,64.3,174,145,62,1.76,19.8,2.7,5,3,24.5,1.0,0.0,1.0,1276.0
736,27,80.7,170,166,52,1.75,14.3,3.5,4,3,31.13,0.0,0.0,0.0,1598.0
737,34,115.3,181,167,67,1.36,24.5,2.2,2,1,35.19,0.0,0.0,1.0,1249.0
738,37,87.8,183,158,69,1.81,10.3,3.5,5,3,30.74,0.0,0.0,0.0,1573.0
739,41,74.3,160,136,51,1.06,24.8,3.5,4,2,28.66,0.0,0.0,0.0,714.0
740,22,78.5,177,138,66,1.36,31.9,2.1,4,2,27.16,1.0,0.0,0.0,938.0
741,51,77.3,171,168,68,0.97,31.1,2.0,2,1,30.96,1.0,1.0,0.0,733.0
742,23,64.5,187,125,72,0.51,30.4,1.7,2,1,22.32,1.0,1.0,0.0,319.0
743,19,72.0,199,148,62,1.17,24.7,3.2,3,2,19.13,0.0,0.0,1.0,952.0
744,30,77.9,166,130,62,1.41,27.9,2.6,4,2,24.87,1.0,1.0,0.0,916.0
745,28,69.6,182,135,50,1.49,27.8,2.0,3,2,27.88,1.0,1.0,0.0,1006.0
746,40,68.9,180,149,51,1.16,25.0,2.4,4,2,17.4,0.0,1.0,0.0,951.0
747,33,45.9,193,144,50,1.45,21.6,2.9,3,2,12.85,0.0,1.0,0.0,1148.0
748,48,68.2,170,159,73,0.75,28.4,2.5,3,1,23.88,1.0,0.0,0.0,537.0
749,28,79.6,181,130,54,1.49,28.2,1.5,3,2,31.49,1.0,0.0,0.0,968.0
750,33,53.6,194,126,73,1.02,30.9,2.3,2,1,23.2,1.0,1.0,0.0,643.0
751,25,57.7,188,145,52,1.36,25.7,2.2,3,2,23.11,1.0,0.0,1.0,986.0
752,21,74.2,187,141,56,1.32,28.3,2.5,3,2,19.92,0.0,0.0,0.0,1024.0
753,57,64.4,177,144,73,1.52,17.8,2.7,5,3,26.46,1.0,1.0,0.0,985.0
754,21,54.9,173,138,71,0.55,31.7,2.0,2,1,17.33,1.0,0.0,0.0,380.0
755,42,50.3,177,150,62,0.63,27.0,2.4,3,1,18.7,0.0,0.0,0.0,468.0
756,20,46.5,187,145,72,0.91,27.9,2.4,2,1,16.48,1.0,0.0,0.0,660.0
757,49,57.8,183,161,67,0.93,24.7,3.1,3,1,14.6,0.0,0.0,0.0,741.0
758,20,83.0,167,160,73,0.79,29.6,2.9,2,1,25.62,0.0,0.0,1.0,695.0
759,44,82.5,167,155,70,1.51,13.8,3.5,5,3,25.75,0.0,0.0,0.0,1159.0
760,46,66.5,163,142,56,1.11,34.7,2.0,3,1,22.22,1.0,0.0,1.0,709.0
761,49,70.2,186,166,50,0.93,32.5,1.8,3,1,25.17,1.0,0.0,0.0,695.0
762,36,121.9,195,132,54,1.49,21.8,3.4,3,2,32.73,0.0,1.0,0.0,1082.0
763,38,70.3,164,144,66,1.19,25.6,2.0,4,2,30.43,1.0,0.0,1.0,857.0
764,22,40.3,192,121,57,1.45,30.8,2.1,4,2,16.56,1.0,0.0,0.0,877.0
765,35,101.4,193,121,64,0.84,23.6,2.9,2,1,32.74,0.0,0.0,0.0,559.0
766,45,79.2,189,135,69,1.47,22.8,2.8,3,2,20.83,0.0,0.0,1.0,982.0
767,59,75.8,167,128,53,1.46,33.1,1.8,3,1,24.19,1.0,0.0,0.0,841.0
768,39,71.7,198,147,51,0.55,23.7,2.2,2,1,20.29,0.0,1.0,0.0,445.0
769,38,57.7,185,132,54,1.64,16.6,2.7,5,3,23.71,1.0,0.0,0.0,1082.0
770,23,47.4,196,154,50,0.76,33.5,1.6,3,1,18.52,1.0,0.0,0.0,585.0
771,18,57.2,193,160,74,1.29,33.5,2.4,3,2,18.68,1.0,1.0,0.0,1032.0
772,22,44.8,166,132,54,1.48,28.6,1.8,4,2,15.14,1.0,1.0,0.0,977.0
773,58,90.2,199,150,55,0.9,28.3,2.1,2,1,30.49,0.0,0.0,0.0,668.0
774,29,84.9,187,140,51,1.79,14.3,3.5,4,3,28.7,0.0,0.0,1.0,1378.0
775,43,95.7,198,151,50,1.08,24.2,3.4,3,1,30.55,0.0,0.0,0.0,807.0
776,51,59.0,198,153,53,1.22,20.7,2.3,3,2,21.67,0.0,0.0,0.0,924.0
777,31,60.5,187,127,56,1.72,15.0,2.7,4,3,19.31,1.0,0.0,0.0,1092.0
778,43,53.8,173,160,71,1.03,30.2,2.3,4,2,18.19,1.0,0.0,0.0,742.0
779,44,86.6,197,167,50,1.66,11.7,3.5,5,3,22.31,0.0,0.0,1.0,1372.0
780,26,72.8,163,121,50,1.37,35.0,1.9,2,1,26.1,1.0,0.0,0.0,829.0
781,43,66.3,177,157,57,1.48,32.7,1.7,4,2,21.16,1.0,0.0,0.0,1046.0
782,39,56.0,184,151,69,0.89,32.6,2.0,2,1,21.87,1.0,0.0,1.0,672.0
783,47,45.9,166,159,65,1.29,29.6,2.0,3,2,12.32,0.0,1.0,0.0,1015.0
784,34,88.0,197,147,70,1.9,14.4,3.5,4,3,32.72,0.0,0.0,1.0,1536.0
785,43,94.0,187,156,62,1.31,23.2,3.4,2,1,29.34,0.0,0.0,0.0,1012.0
786,53,44.7,164,160,72,1.34,26.7,2.1,3,2,13.95,1.0,0.0,1.0,965.0
787,18,63.2,162,120,73,0.66,27.5,2.2,3,1,23.79,0.0,1.0,0.0,436.0
788,25,95.6,190,160,72,1.47,23.8,2.4,4,2,26.48,0.0,1.0,0.0,1294.0
789,52,47.8,179,129,67,1.01,24.7,2.8,3,2,13.82,0.0,0.0,1.0,645.0
790,32,85.3,178,123,69,1.77,13.2,3.5,4,3,31.71,0.0,1.0,0.0,1197.0
791,39,59.7,170,154,59,1.35,29.1,2.3,4,2,17.83,0.0,0.0,0.0,1143.0
792,31,70.2,199,129,61,0.71,24.2,2.5,2,1,17.91,0.0,0.0,1.0,504.0
793,43,72.7,162,166,50,0.79,32.8,2.1,3,1,22.44,1.0,1.0,0.0,590.0
794,45,50.4,182,130,59,0.74,27.7,2.5,2,1,15.73,1.0,1.0,0.0,433.0
795,40,81.7,166,133,58,0.91,27.0,2.7,2,1,26.99,0.0,0.0,1.0,666.0
796,31,49.3,182,157,52,0.56,20.0,3.2,2,1,18.79,0.0,0.0,0.0,484.0
797,41,61.9,166,131,68,1.93,19.4,2.7,4,3,23.01,1.0,0.0,1.0,1138.0
798,19,49.1,193,164,58,1.42,25.3,2.6,4,2,17.4,1.0,1.0,0.0,1164.0
799,43,66.5,178,136,59,1.11,27.1,2.4,3,2,19.86,0.0,0.0,1.0,747.0
800,31,75.5,168,135,68,0.6,20.5,3.4,2,1,20.27,0.0,1.0,0.0,446.0
801,24,88.2,177,154,65,1.76,11.3,3.5,4,3,27.53,0.0,0.0,0.0,1491.0
802,20,74.8,184,121,73,1.33,25.0,3.3,3,2,24.42,0.0,0.0,1.0,885.0
803,40,72.2,173,130,67,0.87,29.2,1.9,3,1,28.2,1.0,0.0,1.0,566.0
804,35,62.8,184,160,63,1.41,21.9,3.7,4,2,23.64,0.0,1.0,0.0,1241.0
805,55,84.7,178,122,52,1.19,23.3,2.4,3,2,26.43,0.0,1.0,0.0,719.0
806,52,116.5,198,148,51,0.53,27.3,2.4,2,1,40.79,0.0,1.0,0.0,388.0
807,32,77.4,174,137,50,1.39,26.7,3.3,3,2,21.0,0.0,1.0,0.0,1047.0
808,42,72.9,175,139,67,1.17,25.7,2.0,4,2,27.78,1.0,0.0,1.0,732.0
809,54,58.4,186,166,73,1.08,32.5,1.9,2,1,23.1,1.0,1.0,0.0,807.0
810,45,64.3,199,133,58,1.67,15.3,2.7,4,3,27.11,1.0,0.0,1.0,999.0
811,27,89.3,169,153,62,1.62,12.7,3.5,5,3,25.54,0.0,0.0,0.0,1363.0
812,56,90.2,163,168,51,1.38,22.6,2.3,3,2,34.8,0.0,0.0,1.0,1148.0
813,34,59.0,178,150,56,1.13,30.9,2.4,4,2,22.48,1.0,1.0,0.0,847.0
814,56,58.7,187,159,65,1.09,22.6,3.3,3,2,16.97,0.0,1.0,0.0,858.0
815,39,127.5,180,161,70,1.26,29.8,3.0,3,2,38.49,0.0,0.0,0.0,1116.0
816,43,68.6,173,137,68,1.42,28.1,2.6,4,2,29.69,1.0,0.0,1.0,875.0
817,42,56.7,192,149,74,1.07,27.4,1.9,3,1,24.22,1.0,0.0,0.0,717.0
818,34,64.5,169,144,64,1.33,27.8,1.8,4,2,20.36,1.0,0.0,1.0,958.0
819,30,61.6,178,138,71,1.78,19.5,2.7,4,3,26.66,1.0,1.0,0.0,1228.0
820,37,75.1,189,127,60,1.23,26.4,3.2,4,2,22.67,0.0,0.0,1.0,859.0
821,42,79.3,181,147,50,1.22,27.3,3.3,2,1,21.29,0.0,1.0,0.0,888.0
822,21,72.6,162,127,70,1.19,34.2,1.8,3,2,25.72,1.0,1.0,0.0,756.0
823,27,76.7,196,150,56,0.96,29.1,2.1,3,1,26.54,0.0,0.0,0.0,792.0
824,20,44.2,177,122,69,1.08,32.4,2.5,2,1,17.05,1.0,0.0,0.0,659.0
825,58,56.5,170,122,57,0.74,27.0,2.7,2,1,19.55,1.0,0.0,1.0,406.0
826,35,100.9,161,163,59,1.1,28.4,3.1,2,1,37.98,0.0,1.0,0.0,986.0
827,53,55.8,171,141,54,1.12,27.0,1.8,4,2,23.23,1.0,0.0,0.0,711.0
828,39,58.3,165,136,58,1.35,27.4,3.7,4,2,15.65,0.0,1.0,0.0,1010.0
829,51,48.6,199,155,74,1.47,26.9,3.5,2,1,15.51,0.0,0.0,0.0,1128.0
830,25,81.7,188,136,74,1.94,13.8,3.5,4,3,21.49,0.0,0.0,1.0,1451.0
831,57,85.6,189,133,50,1.76,12.7,3.5,5,3,29.97,0.0,0.0,1.0,1159.0
832,36,60.0,161,128,51,1.63,18.2,2.7,5,3,20.28,1.0,0.0,0.0,1043.0
833,59,126.4,168,149,68,1.24,29.5,2.9,3,1,44.26,0.0,0.0,0.0,915.0
834,58,75.4,161,140,63,1.05,26.0,2.5,4,2,23.8,1.0,1.0,0.0,662.0
835,54,64.2,188,131,69,1.69,16.5,2.7,4,3,22.48,1.0,0.0,1.0,996.0
836,23,65.2,192,156,59,1.37,31.1,2.5,3,2,24.84,1.0,1.0,0.0,1069.0
837,43,70.1,169,151,58,0.99,34.6,2.6,2,1,25.44,1.0,0.0,0.0,673.0
838,51,102.6,193,130,59,1.21,21.0,3.4,2,1,32.75,0.0,0.0,0.0,779.0
839,23,107.2,167,139,55,1.15,20.2,3.1,4,2,28.78,0.0,0.0,0.0,879.0
840,54,56.5,196,154,66,1.76,15.3,2.7,5,3,18.45,1.0,0.0,0.0,1220.0
841,50,61.6,192,166,74,1.22,25.5,2.2,4,2,20.11,1.0,0.0,0.0,911.0
842,39,81.7,165,165,55,1.32,29.1,2.8,4,2,26.68,0.0,1.0,0.0,1198.0
843,38,76.6,199,130,53,0.74,32.2,2.3,2,1,30.68,1.0,0.0,1.0,481.0
844,23,116.8,178,127,69,1.0,26.8,3.4,4,2,36.45,0.0,0.0,0.0,698.0
845,23,60.1,191,123,52,1.8,17.6,2.7,4,3,23.77,1.0,0.0,0.0,1107.0
846,21,93.7,186,146,72,1.0,27.8,3.6,2,1,31.31,0.0,1.0,0.0,803.0
847,47,41.6,160,163,68,1.03,26.6,2.1,4,2,16.66,1.0,0.0,1.0,756.0
848,28,55.1,192,159,67,1.99,17.0,2.7,5,3,17.2,1.0,0.0,1.0,1582.0
849,47,127.1,199,157,73,0.71,24.9,3.0,2,1,41.03,0.0,0.0,0.0,552.0
850,48,69.1,191,166,53,1.34,26.1,2.0,4,2,26.99,1.0,0.0,0.0,1001.0
851,41,66.8,164,149,57,1.34,29.2,2.3,3,1,22.06,1.0,0.0,1.0,898.0
852,26,125.5,176,163,66,1.15,23.2,3.1,4,2,40.52,0.0,0.0,1.0,1031.0
853,20,71.3,167,167,54,1.07,25.4,1.5,3,2,28.56,1.0,0.0,0.0,893.0
854,48,129.2,193,167,62,1.06,21.4,2.9,4,2,49.84,0.0,0.0,1.0,876.0
855,57,96.3,168,146,74,1.1,27.6,2.2,3,2,27.84,0.0,0.0,0.0,795.0
856,54,67.5,182,140,50,0.72,25.2,1.5,3,1,28.46,1.0,1.0,0.0,454.0
857,53,64.4,194,139,62,1.77,19.7,2.7,4,3,26.81,1.0,0.0,0.0,1107.0
858,41,64.9,166,123,53,1.04,25.9,2.4,4,2,26.33,1.0,0.0,0.0,576.0
859,48,52.3,174,130,71,0.74,33.0,1.8,3,1,18.98,1.0,0.0,1.0,433.0
860,23,56.7,179,132,73,1.38,34.0,1.9,4,2,23.6,1.0,1.0,0.0,911.0
861,19,46.8,184,128,63,1.35,34.4,1.6,4,2,17.61,1.0,0.0,0.0,864.0
862,37,70.3,162,123,52,1.01,33.7,1.7,2,1,22.44,1.0,0.0,0.0,621.0
863,45,80.8,183,131,54,1.7,11.4,3.5,4,3,26.08,0.0,0.0,1.0,1102.0
864,28,56.0,193,128,56,1.94,16.7,2.7,5,3,24.89,1.0,0.0,0.0,1242.0
865,21,101.2,181,132,50,1.3,24.3,3.3,2,1,29.89,0.0,0.0,1.0,944.0
866,32,56.6,170,167,72,1.65,15.7,2.7,4,3,22.96,1.0,0.0,0.0,1378.0
867,23,40.9,167,145,61,0.82,25.2,2.1,3,1,13.36,1.0,0.0,1.0,594.0
868,47,127.8,198,157,60,0.77,28.7,3.5,2,1,46.94,0.0,1.0,0.0,598.0
869,55,49.3,194,161,73,1.28,30.5,2.0,2,1,15.92,1.0,0.0,0.0,927.0
870,19,64.3,197,132,57,1.87,18.0,2.7,5,3,24.2,1.0,1.0,0.0,1234.0
871,32,49.3,167,158,74,1.18,29.3,2.5,3,2,18.79,0.0,0.0,0.0,1025.0
872,28,63.0,196,147,55,0.68,31.7,1.9,2,1,24.01,1.0,0.0,0.0,500.0
873,25,41.1,186,138,71,1.03,31.9,2.4,3,2,14.74,1.0,0.0,1.0,711.0
874,43,40.5,187,143,51,1.5,32.9,2.2,3,2,13.38,1.0,0.0,0.0,965.0
875,22,71.0,199,138,68,0.91,21.2,3.5,2,1,27.05,0.0,0.0,0.0,691.0
876,23,60.9,193,168,69,1.59,16.8,2.7,5,3,23.21,1.0,1.0,0.0,1336.0
877,43,64.7,191,132,69,1.88,19.8,2.7,4,3,23.48,1.0,0.0,1.0,1117.0
878,21,51.0,174,132,73,1.07,34.2,2.2,3,2,17.44,1.0,0.0,0.0,706.0
879,36,57.7,176,147,63,1.65,19.4,2.7,4,3,18.42,1.0,0.0,0.0,1213.0
880,37,76.9,192,121,50,1.49,24.5,2.8,4,2,23.22,0.0,0.0,0.0,992.0
881,50,80.5,175,129,59,1.85,14.3,3.5,4,3,25.7,0.0,0.0,1.0,1181.0
882,37,73.3,188,141,65,1.03,25.5,2.4,3,2,24.21,1.0,1.0,0.0,726.0
883,29,49.0,168,132,53,1.33,26.5,2.6,3,2,19.88,1.0,0.0,1.0,878.0
884,18,114.5,192,128,60,1.03,24.1,2.6,3,1,29.5,0.0,1.0,0.0,725.0
885,43,81.0,188,152,65,1.58,12.4,3.5,5,3,25.56,0.0,0.0,1.0,1189.0
886,31,53.5,172,133,69,1.22,27.6,1.8,4,2,17.27,1.0,0.0,0.0,811.0
887,55,52.1,180,167,50,0.77,23.6,3.0,3,1,18.46,0.0,0.0,1.0,637.0
888,54,70.1,180,139,65,0.76,26.6,2.1,2,1,30.34,1.0,0.0,0.0,475.0
889,28,86.9,164,134,68,1.29,24.9,3.7,4,2,27.43,0.0,0.0,0.0,951.0
890,53,73.4,169,151,70,1.09,27.9,2.8,3,2,23.7,0.0,0.0,1.0,815.0
891,30,90.0,165,152,71,1.32,26.6,2.1,4,2,32.66,0.0,1.0,0.0,1104.0
892,20,85.7,172,136,58,1.72,10.5,3.5,5,3,23.25,0.0,1.0,0.0,1287.0
893,50,70.4,160,143,58,0.73,29.9,2.7,2,1,29.3,1.0,0.0,0.0,470.0
894,23,57.7,179,149,58,1.15,27.0,3.4,3,2,19.73,0.0,0.0,0.0,942.0
895,27,75.7,167,132,66,0.68,25.3,2.3,3,1,24.44,0.0,1.0,0.0,494.0
896,22,61.8,169,166,61,1.83,17.0,2.7,5,3,26.75,1.0,0.0,1.0,1519.0
897,40,80.3,168,167,74,1.63,13.1,3.5,5,3,25.92,0.0,0.0,0.0,1497.0
898,27,104.3,162,135,62,1.28,29.7,3.5,3,2,36.95,0.0,1.0,0.0,950.0
899,19,65.7,170,121,57,1.46,25.9,1.9,3,2,26.32,1.0,1.0,0.0,883.0
900,30,120.3,171,136,65,0.66,23.9,2.6,2,1,31.32,0.0,0.0,1.0,494.0
901,57,51.9,169,151,67,1.05,29.1,2.6,3,2,21.06,1.0,0.0,0.0,713.0
902,19,59.1,184,162,50,1.65,17.9,2.7,5,3,23.98,1.0,1.0,0.0,1336.0
903,37,66.9,184,127,50,1.38,26.5,2.1,4,2,21.84,1.0,0.0,0.0,876.0
904,18,66.9,170,122,61,0.94,26.8,1.7,2,1,21.84,1.0,0.0,1.0,573.0
905,54,78.7,195,131,55,1.42,22.9,2.6,3,2,28.56,0.0,0.0,1.0,921.0
906,26,62.4,198,139,58,1.88,19.8,2.7,4,3,24.07,1.0,0.0,1.0,1307.0
907,34,102.1,185,135,72,0.96,27.3,3.2,2,1,34.92,0.0,0.0,0.0,713.0
908,26,51.9,173,133,54,0.75,26.6,2.3,2,1,12.97,0.0,0.0,0.0,549.0
909,28,58.3,198,135,65,1.32,28.2,3.0,4,2,14.57,0.0,0.0,0.0,980.0
910,32,89.8,199,168,67,1.93,10.6,3.5,4,3,24.36,0.0,0.0,0.0,1783.0
911,41,101.1,160,162,66,0.79,28.6,3.2,2,1,30.19,0.0,0.0,1.0,634.0
912,55,118.6,163,168,67,0.77,25.9,2.6,3,1,40.09,0.0,0.0,0.0,640.0
913,52,84.8,189,152,50,1.19,23.4,3.2,2,1,24.78,0.0,1.0,0.0,895.0
914,47,80.0,171,149,68,0.72,28.2,3.5,3,1,25.54,0.0,0.0,0.0,531.0
915,48,73.1,194,131,71,1.05,28.0,2.8,4,2,21.83,0.0,0.0,1.0,681.0
916,22,117.3,172,134,57,1.24,28.5,2.7,3,2,41.56,0.0,0.0,1.0,914.0
917,31,77.4,190,137,52,1.26,26.2,1.8,4,2,26.47,1.0,1.0,0.0,863.0
918,28,72.9,197,147,74,1.13,34.7,2.2,3,2,26.14,1.0,1.0,0.0,831.0
919,26,71.2,182,142,54,1.15,34.6,2.6,2,1,31.64,1.0,1.0,0.0,816.0
920,51,88.2,163,133,72,1.56,11.8,3.5,4,3,33.61,0.0,1.0,0.0,1027.0
921,29,75.6,175,149,57,1.31,25.7,1.9,4,2,23.33,1.0,0.0,1.0,976.0
922,52,57.9,166,152,68,1.66,15.8,2.7,4,3,23.79,1.0,0.0,0.0,1135.0
923,52,70.6,181,164,67,1.02,34.9,2.0,3,2,28.28,1.0,0.0,0.0,753.0
924,18,118.6,188,134,67,0.94,25.6,2.7,3,1,44.1,0.0,1.0,0.0,693.0
925,57,55.7,170,126,70,1.13,23.6,3.0,3,2,14.07,0.0,0.0,0.0,705.0
926,39,102.3,192,134,50,0.89,22.9,2.4,3,1,27.18,0.0,0.0,1.0,656.0
927,46,72.6,188,161,64,1.31,22.6,3.4,4,2,20.76,0.0,0.0,0.0,1044.0
928,25,63.8,198,165,67,0.95,31.6,1.9,2,1,22.6,1.0,1.0,0.0,784.0
929,28,67.3,171,157,74,0.61,29.2,2.3,3,1,24.13,1.0,0.0,0.0,479.0
930,58,59.3,166,165,56,1.97,19.8,2.7,4,3,23.75,1.0,0.0,0.0,1463.0
931,54,70.7,198,163,65,1.14,31.8,2.1,3,1,28.68,1.0,1.0,0.0,836.0
932,31,86.9,185,130,65,1.72,14.0,3.5,4,3,30.43,0.0,0.0,1.0,1230.0
933,47,98.2,199,148,64,0.76,22.9,3.0,3,1,27.2,0.0,0.0,0.0,557.0
934,52,63.6,168,150,55,1.3,20.8,2.3,4,2,24.23,0.0,0.0,0.0,965.0
935,38,45.2,193,144,58,1.01,29.9,2.4,3,2,16.01,1.0,0.0,0.0,727.0
936,54,117.2,172,143,56,1.04,23.1,2.3,4,2,44.66,0.0,0.0,0.0,736.0
937,22,107.4,195,138,63,1.34,22.0,2.2,2,1,35.47,0.0,0.0,0.0,1017.0
938,36,59.1,184,121,60,0.85,34.5,2.2,2,1,18.65,1.0,1.0,0.0,514.0
939,31,53.3,183,141,70,0.57,29.4,2.4,3,1,19.82,1.0,0.0,0.0,402.0
940,43,46.2,176,139,65,1.18,21.7,2.1,2,1,17.39,0.0,0.0,0.0,812.0
941,21,67.0,161,152,74,1.32,22.0,2.1,3,2,25.85,0.0,0.0,1.0,1104.0
942,42,86.3,172,127,55,1.77,11.4,3.5,4,3,27.55,0.0,0.0,0.0,1113.0
943,59,85.5,190,144,71,1.99,15.0,3.5,5,3,30.66,0.0,1.0,0.0,1418.0
944,42,70.2,188,165,65,1.38,22.7,3.4,3,2,20.07,0.0,0.0,0.0,1127.0
945,35,127.1,187,128,69,1.02,23.3,3.4,4,2,48.43,0.0,0.0,0.0,718.0
946,57,75.6,186,153,65,1.05,31.6,1.8,3,2,27.11,1.0,1.0,0.0,723.0
947,25,62.6,174,142,61,1.2,27.9,2.2,3,1,22.99,1.0,1.0,0.0,852.0
948,56,55.7,190,124,66,1.91,16.1,2.7,5,3,23.79,1.0,1.0,0.0,1066.0
949,57,96.1,199,144,54,1.21,21.6,2.8,3,2,31.74,0.0,1.0,0.0,862.0
950,31,76.7,174,127,74,1.39,28.1,2.3,4,2,29.23,1.0,0.0,1.0,883.0
951,49,57.2,192,135,62,1.14,21.1,3.5,2,1,16.01,0.0,1.0,0.0,762.0
952,55,69.9,179,167,57,1.2,20.2,2.1,4,2,21.34,0.0,0.0,0.0,992.0
953,50,67.9,171,164,73,1.03,33.0,2.4,3,2,21.67,1.0,0.0,1.0,760.0
954,40,87.9,196,134,54,1.96,10.7,3.5,5,3,25.14,0.0,0.0,0.0,1445.0
955,32,102.8,168,120,61,1.24,27.8,2.8,3,2,26.22,0.0,0.0,0.0,818.0
956,50,51.8,182,141,58,1.32,33.0,2.2,3,1,23.02,1.0,0.0,0.0,838.0
957,42,57.7,167,122,52,1.83,17.7,2.7,4,3,23.41,1.0,1.0,0.0,1005.0
958,34,66.5,191,157,52,0.81,28.1,2.3,3,1,23.28,1.0,1.0,0.0,636.0
959,50,95.4,173,133,50,1.16,21.5,3.6,4,2,36.8,0.0,0.0,0.0,764.0
960,19,69.2,186,155,74,1.17,32.4,1.6,3,1,27.03,1.0,1.0,0.0,907.0
961,31,66.6,184,137,71,1.02,31.0,1.5,4,2,23.88,1.0,0.0,1.0,699.0
962,57,83.4,172,166,67,1.57,13.3,3.5,4,3,30.63,0.0,0.0,0.0,1290.0
963,57,43.8,180,160,73,1.39,25.1,1.7,2,1,14.3,1.0,1.0,0.0,1001.0
964,56,64.2,190,137,61,1.99,19.6,2.7,5,3,22.48,1.0,1.0,0.0,1227.0
965,23,44.1,196,122,58,0.58,25.7,2.7,2,1,16.8,1.0,0.0,1.0,354.0
966,23,87.3,164,129,58,1.87,11.8,3.5,5,3,23.93,0.0,0.0,0.0,1327.0
967,20,55.0,172,168,67,1.12,24.0,3.2,4,2,21.48,0.0,0.0,1.0,1035.0
968,24,87.1,187,158,67,1.57,10.0,3.5,4,3,28.77,0.0,0.0,0.0,1364.0
969,25,66.6,184,166,56,1.38,25.0,3.0,2,1,25.69,0.0,0.0,0.0,1260.0
970,59,60.4,194,120,53,1.72,18.8,2.7,5,3,19.5,1.0,1.0,0.0,929.0
971,32,126.4,198,146,62,1.1,28.2,2.1,3,2,37.74,0.0,0.0,0.0,883.0
972,46,88.7,166,146,66,0.75,28.8,3.5,2,1,33.38,0.0,0.0,0.0,542.0
